event_id,time,latitude,longitude,depth_km,magnitude,magnitude_type,region
quakeml:earthquake.usgs.gov/fdsnws/event/1/query?eventid=us6000jllz&format=quakeml,2023-02-06 01:17:34.342000+00:00,37.2256,37.0143,10.0,7.8,mww,"Pazarcik earthquake, Kahramanmaras earthquake sequence"
quakeml:earthquake.usgs.gov/fdsnws/event/1/query?eventid=us6000jlnn&format=quakeml,2023-02-06 01:26:50.869000+00:00,37.2252,37.0001,10.0,5.7,mb,"24 km ENE of Nurda??, Turkey"
quakeml:earthquake.usgs.gov/fdsnws/event/1/query?eventid=us6000jlm1&format=quakeml,2023-02-06 01:28:15.784000+00:00,37.1893,36.8929,9.797,6.7,mww,"14 km E of Nurda??, Turkey"
quakeml:earthquake.usgs.gov/fdsnws/event/1/query?eventid=us6000jlm9&format=quakeml,2023-02-06 01:36:27.357000+00:00,36.9921,36.6832,10.0,5.6,mb,Turkey-Syria border region
quakeml:earthquake.usgs.gov/fdsnws/event/1/query?eventid=us6000jnr5&format=quakeml,2023-02-06 01:40:48.558000+00:00,36.6696,36.4767,10.0,4.7,mb,"14 km SSW of A?a?? Karafak?l?, Turkey"
quakeml:earthquake.usgs.gov/fdsnws/event/1/query?eventid=us6000jnvq&format=quakeml,2023-02-06 01:41:15.211000+00:00,37.9792,38.5117,14.252,4.6,mb,"10 km SW of Sincik, Turkey"
quakeml:earthquake.usgs.gov/fdsnws/event/1/query?eventid=us6000jlmd&format=quakeml,2023-02-06 01:48:12.210000+00:00,37.9828,38.1435,10.0,4.9,mb,"9 km WSW of Çelikhan, Turkey"
quakeml:earthquake.usgs.gov/fdsnws/event/1/query?eventid=us6000jns9&format=quakeml,2023-02-06 01:50:10.207000+00:00,38.2407,38.7424,15.123,4.8,mb,"25 km NNE of Sincik, Turkey"
quakeml:earthquake.usgs.gov/fdsnws/event/1/query?eventid=us6000jnr6&format=quakeml,2023-02-06 01:51:19.056000+00:00,36.7205,36.6192,10.0,4.5,mb,"8 km SE of A?a?? Karafak?l?, Turkey"
quakeml:earthquake.usgs.gov/fdsnws/event/1/query?eventid=us6000jm4n&format=quakeml,2023-02-06 01:51:43.490000+00:00,37.4756,37.1578,7.445,4.7,mb,"12 km W of Pazarc?k, Turkey"
quakeml:earthquake.usgs.gov/fdsnws/event/1/query?eventid=us6000jnr7&format=quakeml,2023-02-06 01:54:36.565000+00:00,36.3603,36.1708,10.0,4.4,mb,"3 km W of Serinyol, Turkey"
quakeml:earthquake.usgs.gov/fdsnws/event/1/query?eventid=us6000jnru&format=quakeml,2023-02-06 01:55:41.029000+00:00,37.2073,36.5988,10.0,4.4,mb,"2 km ENE of Bahçe, Turkey"
quakeml:earthquake.usgs.gov/fdsnws/event/1/query?eventid=us6000jnvm&format=quakeml,2023-02-06 01:56:29.834000+00:00,37.7175,37.3615,10.0,4.3,mb,"7 km ESE of Ça?layancerit, Turkey"
quakeml:earthquake.usgs.gov/fdsnws/event/1/query?eventid=us6000jlmf&format=quakeml,2023-02-06 01:58:23.118000+00:00,37.0302,36.6208,10.0,5.1,mb,"12 km SSE of Hasanbeyli, Turkey"
quakeml:earthquake.usgs.gov/fdsnws/event/1/query?eventid=us6000jnvi&format=quakeml,2023-02-06 02:01:18.994000+00:00,37.7238,37.8026,16.202,4.5,mb,"6 km WNW of Besni, Turkey"
quakeml:earthquake.usgs.gov/fdsnws/event/1/query?eventid=us6000jlmy&format=quakeml,2023-02-06 02:01:45.687000+00:00,37.3512,37.095,10.502,4.8,mb,"23 km SW of Pazarc?k, Turkey"
quakeml:earthquake.usgs.gov/fdsnws/event/1/query?eventid=us6000jlmh&format=quakeml,2023-02-06 02:03:37.341000+00:00,37.7712,37.9141,16.929,5.3,mb,Central Turkey
quakeml:earthquake.usgs.gov/fdsnws/event/1/query?eventid=us6000jmn0&format=quakeml,2023-02-06 02:06:23.457000+00:00,37.9227,38.0613,10.0,5.0,mb,"19 km NE of Tut, Turkey"
quakeml:earthquake.usgs.gov/fdsnws/event/1/query?eventid=us6000jnr8&format=quakeml,2023-02-06 02:10:16.832000+00:00,38.1562,38.5195,14.253,4.4,mb,"15 km NNW of Sincik, Turkey"
quakeml:earthquake.usgs.gov/fdsnws/event/1/query?eventid=us6000jnr9&format=quakeml,2023-02-06 02:11:48.911000+00:00,37.9265,38.2237,16.711,4.1,mb,"11 km S of Çelikhan, Turkey"
quakeml:earthquake.usgs.gov/fdsnws/event/1/query?eventid=us6000jnra&format=quakeml,2023-02-06 02:13:40.815000+00:00,37.2863,36.8539,10.0,4.2,mb,"16 km NE of Nurda??, Turkey"
quakeml:earthquake.usgs.gov/fdsnws/event/1/query?eventid=us6000jmn3&format=quakeml,2023-02-06 02:16:09.128000+00:00,37.4468,37.0449,10.0,4.2,mb,"18 km SE of Kahramanmara?, Turkey"
quakeml:earthquake.usgs.gov/fdsnws/event/1/query?eventid=us6000jlmm&format=quakeml,2023-02-06 02:17:40.715000+00:00,37.1024,36.7301,12.201,4.8,mb,"7 km S of Nurda??, Turkey"
quakeml:earthquake.usgs.gov/fdsnws/event/1/query?eventid=us6000jmn5&format=quakeml,2023-02-06 02:21:20.561000+00:00,37.4358,37.0658,14.349,4.2,mb,"20 km SE of Kahramanmara?, Turkey"
quakeml:earthquake.usgs.gov/fdsnws/event/1/query?eventid=us6000jlmn&format=quakeml,2023-02-06 02:23:14.336000+00:00,37.1816,36.9658,11.359,5.3,mb,"20 km E of Nurda??, Turkey"
quakeml:earthquake.usgs.gov/fdsnws/event/1/query?eventid=us6000jnw1&format=quakeml,2023-02-06 02:28:43.721000+00:00,37.4292,36.9502,8.01,4.1,mb,Central Turkey
quakeml:earthquake.usgs.gov/fdsnws/event/1/query?eventid=us6000jnsi&format=quakeml,2023-02-06 02:31:26.171000+00:00,37.4137,36.8216,12.112,4.5,mb,"21 km SSW of Kahramanmara?, Turkey"
quakeml:earthquake.usgs.gov/fdsnws/event/1/query?eventid=us6000jnw0&format=quakeml,2023-02-06 02:32:08.686000+00:00,37.5639,37.1467,17.393,4.5,mb,"15 km WNW of Pazarc?k, Turkey"
quakeml:earthquake.usgs.gov/fdsnws/event/1/query?eventid=us6000jnrb&format=quakeml,2023-02-06 02:33:28.446000+00:00,38.1084,38.495,17.891,4.4,mb,"13 km NW of Sincik, Turkey"
quakeml:earthquake.usgs.gov/fdsnws/event/1/query?eventid=us6000jnry&format=quakeml,2023-02-06 02:34:18.119000+00:00,37.4941,37.2266,14.637,4.3,mb,"6 km W of Pazarc?k, Turkey"
quakeml:earthquake.usgs.gov/fdsnws/event/1/query?eventid=us6000jnsj&format=quakeml,2023-02-06 02:34:51.505000+00:00,37.0822,37.0363,10.0,4.7,mb,"24 km NNE of Musabeyli, Turkey"
quakeml:earthquake.usgs.gov/fdsnws/event/1/query?eventid=us6000jnrd&format=quakeml,2023-02-06 02:38:44.305000+00:00,37.8697,38.3908,10.0,4.2,mb,"15 km NE of Ad?yaman, Turkey"
quakeml:earthquake.usgs.gov/fdsnws/event/1/query?eventid=us6000jnvz&format=quakeml,2023-02-06 02:43:47.299000+00:00,36.8497,36.3895,10.0,4.2,mb,"12 km WNW of Hassa, Turkey"
quakeml:earthquake.usgs.gov/fdsnws/event/1/query?eventid=us6000jlmv&format=quakeml,2023-02-06 02:54:00.446000+00:00,36.7084,36.3519,10.0,4.7,mb,"14 km ENE of Denizciler, Turkey"
quakeml:earthquake.usgs.gov/fdsnws/event/1/query?eventid=us6000jnrf&format=quakeml,2023-02-06 03:01:14.387000+00:00,38.1475,38.435,14.043,4.1,mb,"19 km NW of Sincik, Turkey"
quakeml:earthquake.usgs.gov/fdsnws/event/1/query?eventid=us6000jnrg&format=quakeml,2023-02-06 03:02:18.228000+00:00,37.9204,37.7822,10.0,4.4,mb,"18 km NW of Tut, Turkey"
quakeml:earthquake.usgs.gov/fdsnws/event/1/query?eventid=us6000jln0&format=quakeml,2023-02-06 03:04:45.269000+00:00,38.1742,38.482,16.696,4.7,mb,"19 km NW of Sincik, Turkey"
quakeml:earthquake.usgs.gov/fdsnws/event/1/query?eventid=us6000jln6&format=quakeml,2023-02-06 03:10:20.089000+00:00,37.7127,37.8001,16.08,4.4,mb,"5 km WNW of Besni, Turkey"
quakeml:earthquake.usgs.gov/fdsnws/event/1/query?eventid=us6000jln3&format=quakeml,2023-02-06 03:12:11.339000+00:00,37.5003,37.3267,3.572,4.5,mb,"2 km ENE of Pazarc?k, Turkey"
quakeml:earthquake.usgs.gov/fdsnws/event/1/query?eventid=us6000jnsr&format=quakeml,2023-02-06 03:16:16.646000+00:00,38.0715,38.4951,17.34,4.3,mb,"11 km WNW of Sincik, Turkey"
quakeml:earthquake.usgs.gov/fdsnws/event/1/query?eventid=us6000jnrj&format=quakeml,2023-02-06 03:19:15.155000+00:00,37.733,37.4257,10.0,4.0,mb,"12 km E of Ça?layancerit, Turkey"
quakeml:earthquake.usgs.gov/fdsnws/event/1/query?eventid=us6000jnrl&format=quakeml,2023-02-06 03:22:44.992000+00:00,38.1446,38.558,12.514,4.3,mb,"12 km NNW of Sincik, Turkey"
quakeml:earthquake.usgs.gov/fdsnws/event/1/query?eventid=us6000jnrh&format=quakeml,2023-02-06 03:24:30.161000+00:00,37.9268,37.8357,5.884,4.4,mb,"16 km NNW of Tut, Turkey"
quakeml:earthquake.usgs.gov/fdsnws/event/1/query?eventid=us6000jln5&format=quakeml,2023-02-06 03:28:45.962000+00:00,38.0773,38.5775,16.819,4.4,mb,"5 km NW of Sincik, Turkey"
quakeml:earthquake.usgs.gov/fdsnws/event/1/query?eventid=us6000jnri&format=quakeml,2023-02-06 03:30:00.256000+00:00,37.0297,36.7506,10.0,4.2,mb,"15 km S of Nurda??, Turkey"
quakeml:earthquake.usgs.gov/fdsnws/event/1/query?eventid=us6000jns6&format=quakeml,2023-02-06 03:35:39.215000+00:00,38.2368,38.5132,9.221,4.2,mb,"21 km SE of Malatya, Turkey"
quakeml:earthquake.usgs.gov/fdsnws/event/1/query?eventid=us6000jnsv&format=quakeml,2023-02-06 03:41:28.306000+00:00,37.2442,37.1335,15.704,4.3,mb,"30 km NW of Gaziantep, Turkey"
quakeml:earthquake.usgs.gov/fdsnws/event/1/query?eventid=us6000jln9&format=quakeml,2023-02-06 03:45:48.353000+00:00,38.1656,38.65,16.431,4.8,mb,"14 km NNE of Sincik, Turkey"
quakeml:earthquake.usgs.gov/fdsnws/event/1/query?eventid=us6000jnrm&format=quakeml,2023-02-06 03:54:00.586000+00:00,37.7604,37.4251,14.46,4.3,mb,Central Turkey
quakeml:earthquake.usgs.gov/fdsnws/event/1/query?eventid=us6000jnrr&format=quakeml,2023-02-06 03:55:10.580000+00:00,37.3982,36.8946,10.0,4.2,mb,"20 km S of Kahramanmara?, Turkey"
quakeml:earthquake.usgs.gov/fdsnws/event/1/query?eventid=us6000jnrn&format=quakeml,2023-02-06 03:58:19.868000+00:00,36.6427,36.426,10.0,4.3,mb,"17 km NNE of K?r?khan, Turkey"
quakeml:earthquake.usgs.gov/fdsnws/event/1/query?eventid=us6000jlnc&format=quakeml,2023-02-06 04:04:22.647000+00:00,37.8315,37.3919,5.017,4.4,mb,"13 km NE of Ça?layancerit, Turkey"
quakeml:earthquake.usgs.gov/fdsnws/event/1/query?eventid=us6000jnvn&format=quakeml,2023-02-06 04:05:15.992000+00:00,37.7658,37.4588,10.0,4.1,mb,"15 km E of Ça?layancerit, Turkey"
quakeml:earthquake.usgs.gov/fdsnws/event/1/query?eventid=us6000jnrp&format=quakeml,2023-02-06 04:05:56.670000+00:00,37.0844,36.9133,12.1,4.2,mb,"18 km ESE of Nurda??, Turkey"
quakeml:earthquake.usgs.gov/fdsnws/event/1/query?eventid=us6000jlne&format=quakeml,2023-02-06 04:14:17.612000+00:00,38.1847,38.6102,9.958,4.4,mb,"16 km N of Sincik, Turkey"
quakeml:earthquake.usgs.gov/fdsnws/event/1/query?eventid=us6000jlnd&format=quakeml,2023-02-06 04:16:49.374000+00:00,37.5236,37.2784,11.788,4.5,mb,Central Turkey
quakeml:earthquake.usgs.gov/fdsnws/event/1/query?eventid=us6000jlnf&format=quakeml,2023-02-06 04:18:46.986000+00:00,38.1845,38.5342,16.416,5.0,mb,"17 km NNW of Sincik, Turkey"
quakeml:earthquake.usgs.gov/fdsnws/event/1/query?eventid=us6000jnvd&format=quakeml,2023-02-06 04:24:45.154000+00:00,37.555,37.2001,13.385,4.1,mb,"11 km NW of Pazarc?k, Turkey"
quakeml:earthquake.usgs.gov/fdsnws/event/1/query?eventid=us6000jnrs&format=quakeml,2023-02-06 04:31:02.298000+00:00,37.2919,36.8854,12.932,4.3,mb,"19 km NE of Nurda??, Turkey"
quakeml:earthquake.usgs.gov/fdsnws/event/1/query?eventid=us6000jnsd&format=quakeml,2023-02-06 04:31:23.899000+00:00,36.3649,36.4413,10.0,4.4,mb,"2 km NE of Uzunkavak, Turkey"
quakeml:earthquake.usgs.gov/fdsnws/event/1/query?eventid=us6000jlnq&format=quakeml,2023-02-06 04:39:47.868000+00:00,37.7907,37.4444,17.034,4.3,mb,"14 km ENE of Ça?layancerit, Turkey"
quakeml:earthquake.usgs.gov/fdsnws/event/1/query?eventid=us6000jlns&format=quakeml,2023-02-06 04:47:57.170000+00:00,36.7176,36.4733,10.0,4.5,mb,"9 km SSW of Hassa, Turkey"
quakeml:earthquake.usgs.gov/fdsnws/event/1/query?eventid=us6000jlnu&format=quakeml,2023-02-06 04:56:05.491000+00:00,37.4609,37.1603,16.174,4.5,mb,"12 km WSW of Pazarc?k, Turkey"
quakeml:earthquake.usgs.gov/fdsnws/event/1/query?eventid=us6000jlnv&format=quakeml,2023-02-06 05:01:50.591000+00:00,37.7898,37.8568,16.551,4.6,mb,"5 km W of Tut, Turkey"
quakeml:earthquake.usgs.gov/fdsnws/event/1/query?eventid=us6000jnvb&format=quakeml,2023-02-06 05:04:31.901000+00:00,37.3768,37.0793,11.165,4.2,mb,"23 km WSW of Pazarc?k, Turkey"
quakeml:earthquake.usgs.gov/fdsnws/event/1/query?eventid=us6000jnrx&format=quakeml,2023-02-06 05:12:52.692000+00:00,37.4966,37.1888,5.336,4.4,mb,"9 km W of Pazarc?k, Turkey"
quakeml:earthquake.usgs.gov/fdsnws/event/1/query?eventid=us6000jnrv&format=quakeml,2023-02-06 05:16:55.953000+00:00,37.7999,37.7821,10.0,4.1,mb,"11 km W of Tut, Turkey"
quakeml:earthquake.usgs.gov/fdsnws/event/1/query?eventid=us6000jnrw&format=quakeml,2023-02-06 05:19:48.566000+00:00,38.0197,38.3054,10.0,4.1,mb,"6 km E of Çelikhan, Turkey"
quakeml:earthquake.usgs.gov/fdsnws/event/1/query?eventid=us6000jlnx&format=quakeml,2023-02-06 05:22:44.551000+00:00,37.3082,37.7106,10.0,4.4,mb,"12 km E of Yavuzeli, Turkey"
quakeml:earthquake.usgs.gov/fdsnws/event/1/query?eventid=us6000jlnz&format=quakeml,2023-02-06 05:31:22.169000+00:00,38.0053,38.042,10.0,4.4,mb,"17 km W of Çelikhan, Turkey"
quakeml:earthquake.usgs.gov/fdsnws/event/1/query?eventid=us6000jns2&format=quakeml,2023-02-06 05:33:10.998000+00:00,38.0957,38.2361,15.345,4.6,mb,"7 km N of Çelikhan, Turkey"
quakeml:earthquake.usgs.gov/fdsnws/event/1/query?eventid=us6000jns0&format=quakeml,2023-02-06 05:35:21.339000+00:00,36.4188,36.2183,10.0,4.4,mb,"6 km N of Serinyol, Turkey"
quakeml:earthquake.usgs.gov/fdsnws/event/1/query?eventid=us6000jlp0&format=quakeml,2023-02-06 05:36:33.636000+00:00,36.2975,36.2085,13.032,4.6,mb,"1 km N of Büyük Dalyan, Turkey"
quakeml:earthquake.usgs.gov/fdsnws/event/1/query?eventid=us6000jnss&format=quakeml,2023-02-06 05:40:38.044000+00:00,37.9116,38.2366,19.278,4.5,mb,"12 km S of Çelikhan, Turkey"
quakeml:earthquake.usgs.gov/fdsnws/event/1/query?eventid=us6000jns1&format=quakeml,2023-02-06 05:43:49.888000+00:00,36.2606,36.2043,10.0,4.6,mb,"3 km S of Büyük Dalyan, Turkey"
quakeml:earthquake.usgs.gov/fdsnws/event/1/query?eventid=us6000jnvf&format=quakeml,2023-02-06 05:44:55.583000+00:00,36.3265,36.4042,10.0,4.4,mb,Turkey-Syria border region
quakeml:earthquake.usgs.gov/fdsnws/event/1/query?eventid=us6000jlp1&format=quakeml,2023-02-06 05:55:49.697000+00:00,37.9201,38.4457,10.0,4.5,mb,"19 km SW of Sincik, Turkey"
quakeml:earthquake.usgs.gov/fdsnws/event/1/query?eventid=us6000jns3&format=quakeml,2023-02-06 06:14:38.909000+00:00,37.4072,36.9513,10.0,4.3,mb,"19 km S of Kahramanmara?, Turkey"
quakeml:earthquake.usgs.gov/fdsnws/event/1/query?eventid=us6000jns4&format=quakeml,2023-02-06 06:18:02.484000+00:00,38.1199,38.3761,10.0,4.4,mb,"16 km NE of Çelikhan, Turkey"
quakeml:earthquake.usgs.gov/fdsnws/event/1/query?eventid=us6000jlsg&format=quakeml,2023-02-06 06:26:28.168000+00:00,37.3961,37.1506,10.0,4.6,mb,"16 km SW of Pazarc?k, Turkey"
quakeml:earthquake.usgs.gov/fdsnws/event/1/query?eventid=us6000jnwh&format=quakeml,2023-02-06 06:27:52.742000+00:00,38.0564,38.2173,10.0,4.5,mb,"3 km NNW of Çelikhan, Turkey"
quakeml:earthquake.usgs.gov/fdsnws/event/1/query?eventid=us6000jlp9&format=quakeml,2023-02-06 06:54:57.430000+00:00,37.6427,37.394,10.0,4.8,mwr,"14 km SE of Ça?layancerit, Turkey"
quakeml:earthquake.usgs.gov/fdsnws/event/1/query?eventid=us6000jns8&format=quakeml,2023-02-06 06:59:05.328000+00:00,37.47,37.0824,19.154,4.2,mb,"18 km SE of Kahramanmara?, Turkey"
quakeml:earthquake.usgs.gov/fdsnws/event/1/query?eventid=us6000jlpb&format=quakeml,2023-02-06 07:08:32.392000+00:00,36.7139,36.4459,11.457,4.5,mb,"11 km SW of Hassa, Turkey"
quakeml:earthquake.usgs.gov/fdsnws/event/1/query?eventid=us6000jnte&format=quakeml,2023-02-06 07:10:09.617000+00:00,36.595,36.3297,10.0,4.2,mb,"10 km NNW of K?r?khan, Turkey"
quakeml:earthquake.usgs.gov/fdsnws/event/1/query?eventid=us6000jnsc&format=quakeml,2023-02-06 07:24:13.862000+00:00,36.7978,36.2602,10.0,4.3,mb,"5 km SSE of Dörtyol, Turkey"
quakeml:earthquake.usgs.gov/fdsnws/event/1/query?eventid=us6000jlpi&format=quakeml,2023-02-06 07:41:14.046000+00:00,37.8718,38.0812,10.0,4.6,mb,eastern Turkey
quakeml:earthquake.usgs.gov/fdsnws/event/1/query?eventid=us6000jlpp&format=quakeml,2023-02-06 08:01:47.818000+00:00,36.6219,36.4225,10.0,4.5,mb,"14 km NNE of K?r?khan, Turkey"
quakeml:earthquake.usgs.gov/fdsnws/event/1/query?eventid=us6000jnsq&format=quakeml,2023-02-06 08:26:39.492000+00:00,36.1795,35.9229,10.0,4.0,mb,"11 km WNW of Uzunba?, Turkey"
quakeml:earthquake.usgs.gov/fdsnws/event/1/query?eventid=us6000jlpv&format=quakeml,2023-02-06 08:52:37.361000+00:00,37.4633,37.2102,10.0,4.8,mb,Central Turkey
quakeml:earthquake.usgs.gov/fdsnws/event/1/query?eventid=us6000jlpx&format=quakeml,2023-02-06 08:58:34.938000+00:00,38.0402,38.2553,11.354,4.5,mb,"2 km NE of Çelikhan, Turkey"
quakeml:earthquake.usgs.gov/fdsnws/event/1/query?eventid=us6000jlq2&format=quakeml,2023-02-06 09:21:01.495000+00:00,37.7583,37.9812,17.065,4.5,mb,"7 km SE of Tut, Turkey"
quakeml:earthquake.usgs.gov/fdsnws/event/1/query?eventid=us6000jlq1&format=quakeml,2023-02-06 09:23:45.448000+00:00,36.9214,36.427,10.0,4.6,mb,"15 km NNW of Hassa, Turkey"
quakeml:earthquake.usgs.gov/fdsnws/event/1/query?eventid=us6000jlq5&format=quakeml,2023-02-06 09:36:17.151000+00:00,37.3147,36.7946,11.367,4.3,mb,Central Turkey
quakeml:earthquake.usgs.gov/fdsnws/event/1/query?eventid=us6000jlqc&format=quakeml,2023-02-06 10:07:31.339000+00:00,35.8319,36.162,10.0,4.6,mb,"11 km SE of Yaylada??, Turkey"
quakeml:earthquake.usgs.gov/fdsnws/event/1/query?eventid=us6000jnsz&format=quakeml,2023-02-06 10:12:17.438000+00:00,37.9287,38.3323,17.106,4.4,mb,"13 km SE of Çelikhan, Turkey"
quakeml:earthquake.usgs.gov/fdsnws/event/1/query?eventid=us6000jlqa&format=quakeml,2023-02-06 10:24:48.811000+00:00,38.0106,37.1962,7.432,7.5,mww,"Elbistan earthquake, Kahramanmaras earthquake sequence"
quakeml:earthquake.usgs.gov/fdsnws/event/1/query?eventid=us6000jm1y&format=quakeml,2023-02-06 10:26:46.742000+00:00,38.0315,38.0984,10.0,6.0,mb,"12 km W of Çelikhan, Turkey"
quakeml:earthquake.usgs.gov/fdsnws/event/1/query?eventid=us6000jnt0&format=quakeml,2023-02-06 10:32:08.932000+00:00,37.9962,37.2033,14.057,5.4,mb,"7 km S of Ekinözü, Turkey"
quakeml:earthquake.usgs.gov/fdsnws/event/1/query?eventid=us6000jlqe&format=quakeml,2023-02-06 10:35:58.161000+00:00,38.0249,37.8023,10.0,5.8,mb,"9 km SW of Do?an?ehir, Turkey"
quakeml:earthquake.usgs.gov/fdsnws/event/1/query?eventid=us6000jnwk&format=quakeml,2023-02-06 10:38:57.715000+00:00,37.8722,37.3582,10.0,4.5,mb,"12 km SW of Nurhak, Turkey"
quakeml:earthquake.usgs.gov/fdsnws/event/1/query?eventid=us6000jnu5&format=quakeml,2023-02-06 10:44:46.950000+00:00,38.034,37.7967,11.982,4.6,mb,"8 km SW of Do?an?ehir, Turkey"
quakeml:earthquake.usgs.gov/fdsnws/event/1/query?eventid=us6000jnt5&format=quakeml,2023-02-06 10:46:56.782000+00:00,38.039,36.8385,10.0,4.7,mb,"24 km SSW of Af?in, Turkey"
quakeml:earthquake.usgs.gov/fdsnws/event/1/query?eventid=us6000jnw7&format=quakeml,2023-02-06 10:47:41.873000+00:00,38.0443,36.644,10.0,4.7,mb,"13 km ENE of G?ksun, Turkey"
quakeml:earthquake.usgs.gov/fdsnws/event/1/query?eventid=us6000jnu6&format=quakeml,2023-02-06 10:50:35.934000+00:00,37.9155,37.8106,16.124,4.3,mb,"16 km NW of Tut, Turkey"
quakeml:earthquake.usgs.gov/fdsnws/event/1/query?eventid=us6000jlqm&format=quakeml,2023-02-06 10:50:56.892000+00:00,37.6189,37.9263,10.0,4.6,mb,Central Turkey
quakeml:earthquake.usgs.gov/fdsnws/event/1/query?eventid=us6000jlql&format=quakeml,2023-02-06 10:51:30.994000+00:00,38.248,38.1847,10.0,5.7,mb,"7 km SW of Ye?ilyurt, Turkey"
quakeml:earthquake.usgs.gov/fdsnws/event/1/query?eventid=us6000jnt6&format=quakeml,2023-02-06 10:55:02.401000+00:00,38.6244,37.3766,10.0,4.3,mb,Central Turkey
quakeml:earthquake.usgs.gov/fdsnws/event/1/query?eventid=us6000jnt4&format=quakeml,2023-02-06 10:56:24.688000+00:00,37.9728,37.3801,10.0,4.6,mb,"5 km W of Nurhak, Turkey"
quakeml:earthquake.usgs.gov/fdsnws/event/1/query?eventid=us6000jlqy&format=quakeml,2023-02-06 11:01:36.485000+00:00,37.8259,37.4436,13.77,4.8,mb,"15 km S of Nurhak, Turkey"
quakeml:earthquake.usgs.gov/fdsnws/event/1/query?eventid=us6000jnt8&format=quakeml,2023-02-06 11:04:38.987000+00:00,38.0723,36.6628,15.349,4.2,mb,"15 km ENE of Göksun, Turkey"
quakeml:earthquake.usgs.gov/fdsnws/event/1/query?eventid=us6000jlqr&format=quakeml,2023-02-06 11:05:35.084000+00:00,38.0752,36.7588,5.968,5.1,mb,"23 km SW of Af?in, Turkey"
quakeml:earthquake.usgs.gov/fdsnws/event/1/query?eventid=us6000jlqx&format=quakeml,2023-02-06 11:11:40.849000+00:00,37.9593,37.3732,10.0,4.9,mb,"5 km W of Nurhak, Turkey"
quakeml:earthquake.usgs.gov/fdsnws/event/1/query?eventid=us6000jnt9&format=quakeml,2023-02-06 11:20:24.969000+00:00,38.0274,37.7493,15.64,4.1,mb,Central Turkey
quakeml:earthquake.usgs.gov/fdsnws/event/1/query?eventid=us6000jlr0&format=quakeml,2023-02-06 11:28:01.235000+00:00,37.9321,38.246,13.126,4.3,mb,"10 km S of Çelikhan, Turkey"
quakeml:earthquake.usgs.gov/fdsnws/event/1/query?eventid=us6000jnwp&format=quakeml,2023-02-06 11:28:33.812000+00:00,37.9264,36.9995,18.104,4.2,mb,"22 km SW of Ekinözü, Turkey"
quakeml:earthquake.usgs.gov/fdsnws/event/1/query?eventid=us6000jnuc&format=quakeml,2023-02-06 11:30:44.548000+00:00,38.1794,37.955,11.962,4.1,mb,"12 km NE of Do?an?ehir, Turkey"
quakeml:earthquake.usgs.gov/fdsnws/event/1/query?eventid=us6000jlr9&format=quakeml,2023-02-06 11:35:28.583000+00:00,37.9417,37.351,17.733,4.5,mb,Central Turkey
quakeml:earthquake.usgs.gov/fdsnws/event/1/query?eventid=us6000jlr7&format=quakeml,2023-02-06 11:39:41.665000+00:00,38.0622,36.5678,11.405,4.8,mb,"7 km NE of Göksun, Turkey"
quakeml:earthquake.usgs.gov/fdsnws/event/1/query?eventid=us6000jntb&format=quakeml,2023-02-06 11:44:09.385000+00:00,38.1471,38.0506,16.478,4.3,mb,eastern Turkey
quakeml:earthquake.usgs.gov/fdsnws/event/1/query?eventid=us6000jlra&format=quakeml,2023-02-06 11:50:04.398000+00:00,37.9721,36.3402,5.716,4.5,mb,"14 km WSW of Göksun, Turkey"
quakeml:earthquake.usgs.gov/fdsnws/event/1/query?eventid=us6000jm76&format=quakeml,2023-02-06 11:51:22.063000+00:00,38.016,37.7225,16.818,4.5,mb,"15 km WSW of Do?an?ehir, Turkey"
quakeml:earthquake.usgs.gov/fdsnws/event/1/query?eventid=us6000jntd&format=quakeml,2023-02-06 11:55:57.601000+00:00,38.0599,36.6805,7.09,4.3,mb,"16 km ENE of Göksun, Turkey"
quakeml:earthquake.usgs.gov/fdsnws/event/1/query?eventid=us6000jlrb&format=quakeml,2023-02-06 11:58:37.429000+00:00,38.0509,37.5686,15.351,4.7,mb,"14 km NE of Nurhak, Turkey"
quakeml:earthquake.usgs.gov/fdsnws/event/1/query?eventid=us6000jlrc&format=quakeml,2023-02-06 12:02:11.275000+00:00,38.0582,36.5114,8.516,6.0,mb,"4 km NNE of Göksun, Turkey"
quakeml:earthquake.usgs.gov/fdsnws/event/1/query?eventid=us6000jnwq&format=quakeml,2023-02-06 12:07:32.722000+00:00,38.0169,36.4016,8.28,4.4,mb,"8 km W of Göksun, Turkey"
quakeml:earthquake.usgs.gov/fdsnws/event/1/query?eventid=us6000jlrg&format=quakeml,2023-02-06 12:13:48.646000+00:00,37.9248,37.3761,17.77,4.7,mb,"7 km SW of Nurhak, Turkey"
quakeml:earthquake.usgs.gov/fdsnws/event/1/query?eventid=us6000jlrh&format=quakeml,2023-02-06 12:21:18.492000+00:00,38.0621,36.4541,8.221,4.4,mb,"5 km NW of Göksun, Turkey"
quakeml:earthquake.usgs.gov/fdsnws/event/1/query?eventid=us6000jntg&format=quakeml,2023-02-06 12:31:40.752000+00:00,37.8798,37.4824,16.174,4.2,mb,"10 km SSE of Nurhak, Turkey"
quakeml:earthquake.usgs.gov/fdsnws/event/1/query?eventid=us6000jnwf&format=quakeml,2023-02-06 12:32:48.345000+00:00,37.9345,38.0571,16.472,4.0,mb,"18 km WSW of Çelikhan, Turkey"
quakeml:earthquake.usgs.gov/fdsnws/event/1/query?eventid=us6000jlrj&format=quakeml,2023-02-06 12:34:43.513000+00:00,38.0972,38.2339,14.471,4.9,mb,"7 km N of Çelikhan, Turkey"
quakeml:earthquake.usgs.gov/fdsnws/event/1/query?eventid=us6000jlrk&format=quakeml,2023-02-06 12:36:33.066000+00:00,37.9664,37.7885,10.0,4.6,mb,Central Turkey
quakeml:earthquake.usgs.gov/fdsnws/event/1/query?eventid=us6000jlrp&format=quakeml,2023-02-06 12:48:01.449000+00:00,38.0382,36.8659,13.923,4.3,mb,"23 km S of Af?in, Turkey"
quakeml:earthquake.usgs.gov/fdsnws/event/1/query?eventid=us6000jlrq&format=quakeml,2023-02-06 12:54:39.920000+00:00,38.0519,36.864,18.833,4.6,mb,"22 km SSW of Af?in, Turkey"
quakeml:earthquake.usgs.gov/fdsnws/event/1/query?eventid=us6000jlrt&format=quakeml,2023-02-06 13:00:18.127000+00:00,38.1156,36.6841,10.0,4.5,mb,"19 km ENE of Göksun, Turkey"
quakeml:earthquake.usgs.gov/fdsnws/event/1/query?eventid=us6000jntk&format=quakeml,2023-02-06 13:03:17.843000+00:00,37.9978,37.4732,9.48,4.6,mb,"4 km NE of Nurhak, Turkey"
quakeml:earthquake.usgs.gov/fdsnws/event/1/query?eventid=us6000jnu4&format=quakeml,2023-02-06 13:06:39.750000+00:00,37.991,37.2762,19.665,4.5,mb,"10 km SE of Ekinözü, Turkey"
quakeml:earthquake.usgs.gov/fdsnws/event/1/query?eventid=us6000jlrv&format=quakeml,2023-02-06 13:07:45.076000+00:00,38.0384,37.371,16.904,5.0,mb,Central Turkey
quakeml:earthquake.usgs.gov/fdsnws/event/1/query?eventid=us6000jntm&format=quakeml,2023-02-06 13:09:21.093000+00:00,36.2541,36.2923,10.0,4.6,mb,"4 km E of Kastal, Turkey"
quakeml:earthquake.usgs.gov/fdsnws/event/1/query?eventid=us6000jlry&format=quakeml,2023-02-06 13:11:56.990000+00:00,38.0104,36.6564,10.0,4.7,mb,"14 km E of Göksun, Turkey"
quakeml:earthquake.usgs.gov/fdsnws/event/1/query?eventid=us6000jnvk&format=quakeml,2023-02-06 13:12:27.843000+00:00,37.9077,36.5237,10.0,4.8,mb,"12 km S of Göksun, Turkey"
quakeml:earthquake.usgs.gov/fdsnws/event/1/query?eventid=us6000jntl&format=quakeml,2023-02-06 13:14:01.462000+00:00,37.8011,37.9066,14.619,4.5,mb,"1 km NW of Tut, Turkey"
quakeml:earthquake.usgs.gov/fdsnws/event/1/query?eventid=us6000jls0&format=quakeml,2023-02-06 13:17:42.209000+00:00,37.9951,36.3843,10.0,4.9,mb,"10 km WSW of Göksun, Turkey"
quakeml:earthquake.usgs.gov/fdsnws/event/1/query?eventid=us6000jntp&format=quakeml,2023-02-06 13:22:01.325000+00:00,38.0367,37.3789,10.761,4.4,mb,Central Turkey
quakeml:earthquake.usgs.gov/fdsnws/event/1/query?eventid=us6000jntn&format=quakeml,2023-02-06 13:31:39.632000+00:00,36.3959,36.3691,10.0,4.5,mb,"6 km NW of Uzunkavak, Turkey"
quakeml:earthquake.usgs.gov/fdsnws/event/1/query?eventid=us6000jnwm&format=quakeml,2023-02-06 13:32:17.073000+00:00,38.2669,38.3801,10.0,4.3,mb,"10 km SSE of Malatya, Turkey"
quakeml:earthquake.usgs.gov/fdsnws/event/1/query?eventid=us6000jnu9&format=quakeml,2023-02-06 13:33:15.653000+00:00,37.9231,37.5399,15.685,4.2,mb,Central Turkey
quakeml:earthquake.usgs.gov/fdsnws/event/1/query?eventid=us6000jntr&format=quakeml,2023-02-06 13:36:08.640000+00:00,36.3454,36.4775,10.0,4.2,mb,"5 km E of Uzunkavak, Turkey"
quakeml:earthquake.usgs.gov/fdsnws/event/1/query?eventid=us6000jls3&format=quakeml,2023-02-06 13:39:24.254000+00:00,38.0166,37.7013,10.0,5.3,mb,"16 km WSW of Do?an?ehir, Turkey"
quakeml:earthquake.usgs.gov/fdsnws/event/1/query?eventid=us6000jls6&format=quakeml,2023-02-06 13:44:51.298000+00:00,37.9405,37.4916,16.865,5.0,mb,"5 km ESE of Nurhak, Turkey"
quakeml:earthquake.usgs.gov/fdsnws/event/1/query?eventid=us6000jnts&format=quakeml,2023-02-06 13:58:50.413000+00:00,38.0588,36.4642,10.0,4.3,mb,Central Turkey
quakeml:earthquake.usgs.gov/fdsnws/event/1/query?eventid=us6000jntu&format=quakeml,2023-02-06 14:03:08.489000+00:00,38.2079,37.8768,10.0,4.3,mb,"13 km N of Do?an?ehir, Turkey"
quakeml:earthquake.usgs.gov/fdsnws/event/1/query?eventid=us6000jls9&format=quakeml,2023-02-06 14:04:49.444000+00:00,37.9944,36.4533,10.0,4.4,mb,"4 km SW of Göksun, Turkey"
quakeml:earthquake.usgs.gov/fdsnws/event/1/query?eventid=us6000jlsb&format=quakeml,2023-02-06 14:10:09.968000+00:00,37.7257,37.385,10.0,4.5,mb,"8 km ESE of Ça?layancerit, Turkey"
quakeml:earthquake.usgs.gov/fdsnws/event/1/query?eventid=us6000jlsd&format=quakeml,2023-02-06 14:17:18.854000+00:00,37.8732,37.3571,21.255,4.4,mb,"12 km SW of Nurhak, Turkey"
quakeml:earthquake.usgs.gov/fdsnws/event/1/query?eventid=us6000jlse&format=quakeml,2023-02-06 14:27:43.394000+00:00,36.8097,36.5387,10.0,4.5,mb,"2 km ENE of Hassa, Turkey"
quakeml:earthquake.usgs.gov/fdsnws/event/1/query?eventid=us6000jlsf&format=quakeml,2023-02-06 14:29:57.853000+00:00,37.9977,36.4927,10.0,4.7,mb,"2 km S of Göksun, Turkey"
quakeml:earthquake.usgs.gov/fdsnws/event/1/query?eventid=us6000jntw&format=quakeml,2023-02-06 14:33:07.461000+00:00,38.0365,37.8572,10.0,4.5,mb,"5 km SSW of Do?an?ehir, Turkey"
quakeml:earthquake.usgs.gov/fdsnws/event/1/query?eventid=us6000jlsj&format=quakeml,2023-02-06 14:41:57.177000+00:00,38.1782,37.7439,10.0,4.5,mb,"15 km NW of Do?an?ehir, Turkey"
quakeml:earthquake.usgs.gov/fdsnws/event/1/query?eventid=us6000jlsl&format=quakeml,2023-02-06 14:51:15.299000+00:00,38.0706,38.404,10.0,4.4,mb,"15 km ENE of Çelikhan, Turkey"
quakeml:earthquake.usgs.gov/fdsnws/event/1/query?eventid=us6000jlsn&format=quakeml,2023-02-06 14:57:46.819000+00:00,38.0378,37.8354,10.0,4.3,mwr,"6 km SSW of Do?an?ehir, Turkey"
quakeml:earthquake.usgs.gov/fdsnws/event/1/query?eventid=us6000jlsq&format=quakeml,2023-02-06 15:14:34.402000+00:00,37.8791,37.7355,10.0,4.9,mwr,"13 km NE of Gölba??, Turkey"
quakeml:earthquake.usgs.gov/fdsnws/event/1/query?eventid=us6000jlsu&format=quakeml,2023-02-06 15:33:32.721000+00:00,38.19,38.1756,7.43,5.4,mwr,eastern Turkey
quakeml:earthquake.usgs.gov/fdsnws/event/1/query?eventid=us6000jnu2&format=quakeml,2023-02-06 15:52:44.320000+00:00,37.868,37.8519,15.594,4.3,mb,Central Turkey
quakeml:earthquake.usgs.gov/fdsnws/event/1/query?eventid=us6000jnwa&format=quakeml,2023-02-06 15:59:27.990000+00:00,38.0709,37.5505,10.0,4.2,mb,Central Turkey
quakeml:earthquake.usgs.gov/fdsnws/event/1/query?eventid=us6000jlsy&format=quakeml,2023-02-06 16:06:42.958000+00:00,37.9972,36.9911,10.0,4.3,mb,"18 km WSW of Ekinözü, Turkey"
quakeml:earthquake.usgs.gov/fdsnws/event/1/query?eventid=us6000jlt0&format=quakeml,2023-02-06 16:10:43.265000+00:00,36.1064,35.7822,10.0,4.5,mb,"23 km W of Uzunba?, Turkey"
quakeml:earthquake.usgs.gov/fdsnws/event/1/query?eventid=us6000jnua&format=quakeml,2023-02-06 16:21:46.033000+00:00,38.0912,36.433,10.0,4.1,mb,"9 km NW of Göksun, Turkey"
quakeml:earthquake.usgs.gov/fdsnws/event/1/query?eventid=us6000jnwi&format=quakeml,2023-02-06 16:22:44.967000+00:00,38.0189,36.5048,3.826,4.1,mb,"0 km ESE of Göksun, Turkey"
quakeml:earthquake.usgs.gov/fdsnws/event/1/query?eventid=us6000jnuu&format=quakeml,2023-02-06 16:25:01.255000+00:00,38.0666,36.4607,10.0,4.2,mb,"5 km NNW of Göksun, Turkey"
quakeml:earthquake.usgs.gov/fdsnws/event/1/query?eventid=us6000jlt5&format=quakeml,2023-02-06 16:26:15.464000+00:00,37.9826,36.8994,10.0,4.6,mb,"26 km WSW of Ekinözü, Turkey"
quakeml:earthquake.usgs.gov/fdsnws/event/1/query?eventid=us6000jlt1&format=quakeml,2023-02-06 16:26:39.507000+00:00,38.0385,36.5982,10.0,4.8,mb,"9 km ENE of Göksun, Turkey"
quakeml:earthquake.usgs.gov/fdsnws/event/1/query?eventid=us6000jnwy&format=quakeml,2023-02-06 16:27:19.276000+00:00,38.0468,36.4364,10.0,4.7,mwr,"6 km WNW of Göksun, Turkey"
quakeml:earthquake.usgs.gov/fdsnws/event/1/query?eventid=us6000jnu7&format=quakeml,2023-02-06 16:28:08.698000+00:00,37.4633,36.981,5.178,4.7,mb,"14 km SSE of Kahramanmara?, Turkey"
quakeml:earthquake.usgs.gov/fdsnws/event/1/query?eventid=us6000jlt7&format=quakeml,2023-02-06 16:32:11.661000+00:00,36.6625,36.4828,10.0,4.9,mb,"14 km SSW of A?a?? Karafak?l?, Turkey"
quakeml:earthquake.usgs.gov/fdsnws/event/1/query?eventid=us6000jlta&format=quakeml,2023-02-06 16:43:28.541000+00:00,38.0007,36.5078,10.0,5.0,mwr,"2 km SSE of Göksun, Turkey"
quakeml:earthquake.usgs.gov/fdsnws/event/1/query?eventid=us6000jlth&format=quakeml,2023-02-06 16:55:35.783000+00:00,38.0112,37.4148,9.152,4.5,mb,"5 km NNW of Nurhak, Turkey"
quakeml:earthquake.usgs.gov/fdsnws/event/1/query?eventid=us6000jlu3&format=quakeml,2023-02-06 17:11:47.921000+00:00,37.961,37.3379,10.0,4.3,mwr,"9 km W of Nurhak, Turkey"
quakeml:earthquake.usgs.gov/fdsnws/event/1/query?eventid=us6000jlww&format=quakeml,2023-02-06 17:22:02.040000+00:00,38.1262,36.5145,10.0,4.1,mb,"11 km N of Göksun, Turkey"
quakeml:earthquake.usgs.gov/fdsnws/event/1/query?eventid=us6000jlwh&format=quakeml,2023-02-06 17:26:24.481000+00:00,38.097,36.696,10.0,4.5,mwr,"19 km ENE of Göksun, Turkey"
quakeml:earthquake.usgs.gov/fdsnws/event/1/query?eventid=us6000jly1&format=quakeml,2023-02-06 17:31:34.269000+00:00,37.0895,36.7386,10.0,4.5,mwr,"8 km S of Nurda??, Turkey"
quakeml:earthquake.usgs.gov/fdsnws/event/1/query?eventid=us6000jm13&format=quakeml,2023-02-06 17:46:49.824000+00:00,38.0881,37.8449,10.0,4.5,mb,Central Turkey
quakeml:earthquake.usgs.gov/fdsnws/event/1/query?eventid=us6000jm1n&format=quakeml,2023-02-06 18:02:44.660000+00:00,38.1022,36.5286,10.0,4.4,mb,"9 km NNE of Göksun, Turkey"
quakeml:earthquake.usgs.gov/fdsnws/event/1/query?eventid=us6000jm1p&format=quakeml,2023-02-06 18:03:53.807000+00:00,37.9781,36.4456,10.0,5.2,mww,"6 km SW of G?ksun, Turkey"
quakeml:earthquake.usgs.gov/fdsnws/event/1/query?eventid=us6000jnul&format=quakeml,2023-02-06 18:48:48.760000+00:00,38.1659,38.1633,10.0,3.9,mwr,"16 km SSW of Ye?ilyurt, Turkey"
quakeml:earthquake.usgs.gov/fdsnws/event/1/query?eventid=us6000jnw9&format=quakeml,2023-02-06 18:49:54.341000+00:00,36.9291,36.7256,10.0,4.1,mb,"17 km WNW of Musabeyli, Turkey"
quakeml:earthquake.usgs.gov/fdsnws/event/1/query?eventid=us6000jnuk&format=quakeml,2023-02-06 18:51:18.887000+00:00,36.9819,36.8786,10.0,4.3,mb,"11 km NNW of Musabeyli, Turkey"
quakeml:earthquake.usgs.gov/fdsnws/event/1/query?eventid=us6000jnux&format=quakeml,2023-02-06 18:55:52.597000+00:00,37.9398,38.1889,10.0,4.2,mb,"10 km SSW of Çelikhan, Turkey"
quakeml:earthquake.usgs.gov/fdsnws/event/1/query?eventid=us6000jnuy&format=quakeml,2023-02-06 19:12:31.181000+00:00,38.0322,37.3231,10.0,4.1,mb,"12 km ESE of Ekinözü, Turkey"
quakeml:earthquake.usgs.gov/fdsnws/event/1/query?eventid=us6000jm1w&format=quakeml,2023-02-06 19:15:47.865000+00:00,37.989,36.3922,10.0,4.2,mwr,Central Turkey
quakeml:earthquake.usgs.gov/fdsnws/event/1/query?eventid=us6000jnuz&format=quakeml,2023-02-06 19:25:01.538000+00:00,37.8505,36.6645,10.0,4.5,mb,"23 km SE of Göksun, Turkey"
quakeml:earthquake.usgs.gov/fdsnws/event/1/query?eventid=us6000jm1z&format=quakeml,2023-02-06 19:30:59.475000+00:00,38.0086,37.2784,10.0,4.4,mb,"9 km SE of Ekinözü, Turkey"
quakeml:earthquake.usgs.gov/fdsnws/event/1/query?eventid=us6000jm21&format=quakeml,2023-02-06 19:35:50.641000+00:00,37.4801,37.1528,10.0,4.2,mwr,"13 km W of Pazarc?k, Turkey"
quakeml:earthquake.usgs.gov/fdsnws/event/1/query?eventid=us6000jm2a&format=quakeml,2023-02-06 19:40:16.799000+00:00,38.0516,38.1927,9.27,4.4,mwr,"4 km NW of Çelikhan, Turkey"
quakeml:earthquake.usgs.gov/fdsnws/event/1/query?eventid=us6000jm28&format=quakeml,2023-02-06 19:49:40.242000+00:00,38.0947,36.6422,10.0,4.2,mwr,"15 km ENE of G?ksun, Turkey"
quakeml:earthquake.usgs.gov/fdsnws/event/1/query?eventid=us6000jm29&format=quakeml,2023-02-06 20:05:35.045000+00:00,38.0339,36.3096,10.0,4.8,mwr,"Adana, Turkey"
quakeml:earthquake.usgs.gov/fdsnws/event/1/query?eventid=us6000jnuq&format=quakeml,2023-02-06 20:11:49.233000+00:00,37.8934,37.6383,14.754,4.3,mb,Central Turkey
quakeml:earthquake.usgs.gov/fdsnws/event/1/query?eventid=us6000jm2k&format=quakeml,2023-02-06 20:14:11.184000+00:00,37.9649,36.479,6.59,4.3,mb,"6 km SSW of Göksun, Turkey"
quakeml:earthquake.usgs.gov/fdsnws/event/1/query?eventid=us6000jnur&format=quakeml,2023-02-06 20:23:12.615000+00:00,38.0887,38.6825,10.0,4.1,mwr,"8 km NE of Sincik, Turkey"
quakeml:earthquake.usgs.gov/fdsnws/event/1/query?eventid=us6000jm2r&format=quakeml,2023-02-06 20:37:51.879000+00:00,37.2507,37.0859,10.0,5.3,mww,"32 km SW of Pazarc?k, Turkey"
quakeml:earthquake.usgs.gov/fdsnws/event/1/query?eventid=us6000jnut&format=quakeml,2023-02-06 20:40:06.434000+00:00,38.2636,37.9916,10.0,4.9,mb,"8 km SSE of Ak?ada?, Turkey"
quakeml:earthquake.usgs.gov/fdsnws/event/1/query?eventid=us6000jm2t&format=quakeml,2023-02-06 20:44:00.230000+00:00,38.0063,36.5773,10.0,4.8,mwr,Central Turkey
quakeml:earthquake.usgs.gov/fdsnws/event/1/query?eventid=us6000jnw4&format=quakeml,2023-02-06 20:45:42.200000+00:00,36.1512,36.1819,10.0,4.3,mb,"2 km SE of Dursunlu, Turkey"
quakeml:earthquake.usgs.gov/fdsnws/event/1/query?eventid=us6000jm2v&format=quakeml,2023-02-06 20:53:24.379000+00:00,38.2106,38.2511,10.0,4.8,mwr,"9 km S of Ye?ilyurt, Turkey"
quakeml:earthquake.usgs.gov/fdsnws/event/1/query?eventid=us6000jnvx&format=quakeml,2023-02-06 20:54:01.125000+00:00,37.9263,36.4655,10.0,4.4,mb,Central Turkey
quakeml:earthquake.usgs.gov/fdsnws/event/1/query?eventid=us6000jm2x&format=quakeml,2023-02-06 21:02:06.978000+00:00,36.7444,36.4904,19.625,4.5,mb,"6 km SSW of Hassa, Turkey"
quakeml:earthquake.usgs.gov/fdsnws/event/1/query?eventid=us6000jm30&format=quakeml,2023-02-06 21:15:18.245000+00:00,38.072,37.034,10.235,4.9,mwr,"13 km W of Ekinözü, Turkey"
quakeml:earthquake.usgs.gov/fdsnws/event/1/query?eventid=us6000jm3c&format=quakeml,2023-02-06 21:57:43.529000+00:00,38.032,36.5882,9.855,4.7,mwr,"8 km E of Göksun, Turkey"
quakeml:earthquake.usgs.gov/fdsnws/event/1/query?eventid=us6000jnuw&format=quakeml,2023-02-06 22:09:51.889000+00:00,38.0814,36.8993,10.236,4.1,mb,"18 km S of Af?in, Turkey"
quakeml:earthquake.usgs.gov/fdsnws/event/1/query?eventid=us6000jm3f&format=quakeml,2023-02-06 22:11:36.032000+00:00,38.1918,38.1778,8.296,4.4,mwr,eastern Turkey
quakeml:earthquake.usgs.gov/fdsnws/event/1/query?eventid=us6000jm3l&format=quakeml,2023-02-06 22:26:17.724000+00:00,37.9513,37.4756,5.481,4.2,mwr,"3 km ESE of Nurhak, Turkey"
quakeml:earthquake.usgs.gov/fdsnws/event/1/query?eventid=us6000jm3n&format=quakeml,2023-02-06 22:29:39.343000+00:00,38.0473,36.4145,6.86,4.1,mwr,"7 km WNW of Göksun, Turkey"
quakeml:earthquake.usgs.gov/fdsnws/event/1/query?eventid=us6000jnv1&format=quakeml,2023-02-06 22:44:54.848000+00:00,38.0613,36.5637,13.174,4.2,mb,"7 km NE of Göksun, Turkey"
quakeml:earthquake.usgs.gov/fdsnws/event/1/query?eventid=us6000jnv2&format=quakeml,2023-02-06 22:55:27.276000+00:00,37.9341,36.6247,11.221,4.0,mb,"14 km SE of Göksun, Turkey"
quakeml:earthquake.usgs.gov/fdsnws/event/1/query?eventid=us6000jnv4&format=quakeml,2023-02-06 23:13:30.166000+00:00,37.9846,37.404,10.0,4.2,mwr,"3 km NW of Nurhak, Turkey"
quakeml:earthquake.usgs.gov/fdsnws/event/1/query?eventid=us6000jp3d&format=quakeml,2023-02-07 00:20:16.237000+00:00,37.8431,36.6148,10.0,4.2,mb,"22 km SSE of Göksun, Turkey"
quakeml:earthquake.usgs.gov/fdsnws/event/1/query?eventid=us6000jp3f&format=quakeml,2023-02-07 01:18:07.375000+00:00,38.0195,36.4624,10.0,4.3,mb,"3 km W of Göksun, Turkey"
quakeml:earthquake.usgs.gov/fdsnws/event/1/query?eventid=us6000jm4r&format=quakeml,2023-02-07 01:29:18.918000+00:00,38.0903,36.7693,10.0,4.2,mb,"21 km SW of Af?in, Turkey"
quakeml:earthquake.usgs.gov/fdsnws/event/1/query?eventid=us6000jp3g&format=quakeml,2023-02-07 01:32:00.826000+00:00,38.0152,36.5543,10.0,4.4,mb,"5 km E of Göksun, Turkey"
quakeml:earthquake.usgs.gov/fdsnws/event/1/query?eventid=us6000jm4x&format=quakeml,2023-02-07 01:34:29.191000+00:00,37.4326,37.0521,10.0,4.4,mb,"20 km SSE of Kahramanmara?, Turkey"
quakeml:earthquake.usgs.gov/fdsnws/event/1/query?eventid=us6000jp53&format=quakeml,2023-02-07 02:28:20.753000+00:00,38.0265,37.5093,10.0,4.1,mb,"9 km NE of Nurhak, Turkey"
quakeml:earthquake.usgs.gov/fdsnws/event/1/query?eventid=us6000jm53&format=quakeml,2023-02-07 02:39:03.939000+00:00,38.6041,37.5154,15.268,4.2,mb,"6 km N of Darende, Turkey"
quakeml:earthquake.usgs.gov/fdsnws/event/1/query?eventid=us6000jm54&format=quakeml,2023-02-07 02:43:27.973000+00:00,38.1044,36.9078,10.0,4.4,mb,"15 km S of Af?in, Turkey"
quakeml:earthquake.usgs.gov/fdsnws/event/1/query?eventid=us6000jm55&format=quakeml,2023-02-07 02:47:37.074000+00:00,35.9675,35.9849,10.0,4.7,mwr,"10 km NW of Yaylada??, Turkey"
quakeml:earthquake.usgs.gov/fdsnws/event/1/query?eventid=us6000jm57&format=quakeml,2023-02-07 02:53:29.007000+00:00,38.0387,36.5733,10.0,4.4,mb,"6 km ENE of Göksun, Turkey"
quakeml:earthquake.usgs.gov/fdsnws/event/1/query?eventid=us6000jm5a&format=quakeml,2023-02-07 03:02:54.008000+00:00,37.3373,37.1197,10.0,4.3,mb,"23 km SW of Pazarc?k, Turkey"
quakeml:earthquake.usgs.gov/fdsnws/event/1/query?eventid=us6000jm5c&format=quakeml,2023-02-07 03:08:57.248000+00:00,37.917,37.6406,10.0,4.8,mwr,"14 km N of Gölba??, Turkey"
quakeml:earthquake.usgs.gov/fdsnws/event/1/query?eventid=us6000jm5e&format=quakeml,2023-02-07 03:13:12.754000+00:00,37.7639,37.7309,10.0,5.5,mww,"8 km ESE of Gölba??, Turkey"
quakeml:earthquake.usgs.gov/fdsnws/event/1/query?eventid=us6000jp3y&format=quakeml,2023-02-07 03:16:16.365000+00:00,37.6089,37.3755,10.0,4.6,mb,"15 km NNE of Pazarc?k, Turkey"
quakeml:earthquake.usgs.gov/fdsnws/event/1/query?eventid=us6000jp3x&format=quakeml,2023-02-07 03:30:01.492000+00:00,37.748,37.6323,10.0,4.3,mb,"3 km S of Gölba??, Turkey"
quakeml:earthquake.usgs.gov/fdsnws/event/1/query?eventid=us6000jm5j&format=quakeml,2023-02-07 03:37:00.334000+00:00,36.2678,36.2151,10.0,4.3,mb,"2 km SSE of Büyük Dalyan, Turkey"
quakeml:earthquake.usgs.gov/fdsnws/event/1/query?eventid=us6000jp3k&format=quakeml,2023-02-07 03:58:56.236000+00:00,37.507,37.227,10.0,4.2,mwr,"6 km WNW of Pazarc?k, Turkey"
quakeml:earthquake.usgs.gov/fdsnws/event/1/query?eventid=us6000jp3l&format=quakeml,2023-02-07 04:07:57.801000+00:00,37.7181,37.4217,10.0,4.1,mb,Kahramanmaras Earthquake Sequence
quakeml:earthquake.usgs.gov/fdsnws/event/1/query?eventid=us6000jm5s&format=quakeml,2023-02-07 04:16:42.272000+00:00,37.9036,37.4321,10.0,3.9,mb,"6 km S of Nurhak, Turkey"
quakeml:earthquake.usgs.gov/fdsnws/event/1/query?eventid=us6000jm5v&format=quakeml,2023-02-07 04:42:03.194000+00:00,36.8131,36.6306,10.0,4.4,mb,"7 km ENE of A?a?? Karafak?l?, Turkey"
quakeml:earthquake.usgs.gov/fdsnws/event/1/query?eventid=us6000jm63&format=quakeml,2023-02-07 05:26:30.941000+00:00,36.1531,36.3488,13.661,4.4,mwr,Turkey-Syria border region
quakeml:earthquake.usgs.gov/fdsnws/event/1/query?eventid=us6000jp3w&format=quakeml,2023-02-07 06:15:23.256000+00:00,38.0668,38.1413,17.718,4.1,mb,"9 km WNW of Çelikhan, Turkey"
quakeml:earthquake.usgs.gov/fdsnws/event/1/query?eventid=us6000jp3v&format=quakeml,2023-02-07 06:26:11.987000+00:00,37.3357,36.8762,7.505,4.2,mb,"22 km NE of Nurda??, Turkey"
quakeml:earthquake.usgs.gov/fdsnws/event/1/query?eventid=us6000jm69&format=quakeml,2023-02-07 06:40:53.780000+00:00,38.0342,36.455,6.359,4.5,mwr,"3 km WNW of Göksun, Turkey"
quakeml:earthquake.usgs.gov/fdsnws/event/1/query?eventid=us6000jm6b&format=quakeml,2023-02-07 06:48:51.697000+00:00,38.3144,37.5808,5.787,4.5,mwr,"26 km SSE of Darende, Turkey"
quakeml:earthquake.usgs.gov/fdsnws/event/1/query?eventid=us6000jm6p&format=quakeml,2023-02-07 07:11:15.008000+00:00,38.0971,38.6398,9.063,5.4,mww,"7 km NNE of Sincik, Turkey"
quakeml:earthquake.usgs.gov/fdsnws/event/1/query?eventid=us6000jm6v&format=quakeml,2023-02-07 07:26:36.313000+00:00,38.0311,37.5813,16.18,4.4,mb,"14 km ENE of Nurhak, Turkey"
quakeml:earthquake.usgs.gov/fdsnws/event/1/query?eventid=us6000jp49&format=quakeml,2023-02-07 07:45:06.565000+00:00,36.8855,36.6006,10.0,4.2,mb,"12 km NE of Hassa, Turkey"
quakeml:earthquake.usgs.gov/fdsnws/event/1/query?eventid=us6000jm6x&format=quakeml,2023-02-07 07:54:23.648000+00:00,36.5768,36.4539,10.0,4.3,mb,"12 km NE of K?r?khan, Turkey"
quakeml:earthquake.usgs.gov/fdsnws/event/1/query?eventid=us6000jp3z&format=quakeml,2023-02-07 08:18:11.763000+00:00,38.1372,38.537,15.974,4.3,mb,"13 km NNW of Sincik, Turkey"
quakeml:earthquake.usgs.gov/fdsnws/event/1/query?eventid=us6000jm71&format=quakeml,2023-02-07 08:25:46.610000+00:00,37.8817,37.528,10.0,4.2,mwr,"11 km SE of Nurhak, Turkey"
quakeml:earthquake.usgs.gov/fdsnws/event/1/query?eventid=us6000jp42&format=quakeml,2023-02-07 09:53:31.468000+00:00,38.1471,36.3693,20.355,4.2,mb,"17 km NW of Göksun, Turkey"
quakeml:earthquake.usgs.gov/fdsnws/event/1/query?eventid=us6000jp54&format=quakeml,2023-02-07 10:07:18.238000+00:00,37.5226,37.1468,10.944,4.2,mb,"14 km WNW of Pazarc?k, Turkey"
quakeml:earthquake.usgs.gov/fdsnws/event/1/query?eventid=us6000jm7f&format=quakeml,2023-02-07 10:18:14.589000+00:00,38.0164,38.57,12.988,5.3,mww,"4 km WSW of Sincik, Turkey"
quakeml:earthquake.usgs.gov/fdsnws/event/1/query?eventid=us6000jm7h&format=quakeml,2023-02-07 10:27:32.024000+00:00,38.3061,38.1915,16.052,4.6,mb,eastern Turkey
quakeml:earthquake.usgs.gov/fdsnws/event/1/query?eventid=us6000jp45&format=quakeml,2023-02-07 10:37:17.535000+00:00,36.0958,35.9441,10.0,4.6,mb,"9 km WSW of Uzunba?, Turkey"
quakeml:earthquake.usgs.gov/fdsnws/event/1/query?eventid=us6000jm7k&format=quakeml,2023-02-07 10:56:29.905000+00:00,37.8696,36.6642,8.656,4.5,mb,Central Turkey
quakeml:earthquake.usgs.gov/fdsnws/event/1/query?eventid=us6000jp48&format=quakeml,2023-02-07 10:57:45.760000+00:00,37.8906,36.6707,10.0,4.1,mwr,"21 km SE of Göksun, Turkey"
quakeml:earthquake.usgs.gov/fdsnws/event/1/query?eventid=us6000jp4b&format=quakeml,2023-02-07 11:01:11.695000+00:00,37.9808,37.6619,3.759,4.4,mb,"19 km E of Nurhak, Turkey"
quakeml:earthquake.usgs.gov/fdsnws/event/1/query?eventid=us6000jm7q&format=quakeml,2023-02-07 12:07:03.774000+00:00,38.2171,38.263,15.409,4.5,mb,"8 km S of Ye?ilyurt, Turkey"
quakeml:earthquake.usgs.gov/fdsnws/event/1/query?eventid=us6000jm84&format=quakeml,2023-02-07 13:36:41.353000+00:00,36.0984,35.8449,10.0,4.5,mb,"17 km WSW of Uzunba?, Turkey"
quakeml:earthquake.usgs.gov/fdsnws/event/1/query?eventid=us6000jp4j&format=quakeml,2023-02-07 14:23:17.029000+00:00,38.0426,36.5803,10.0,4.4,mb,"7 km ENE of Göksun, Turkey"
quakeml:earthquake.usgs.gov/fdsnws/event/1/query?eventid=us6000jm95&format=quakeml,2023-02-07 15:31:28.295000+00:00,37.3758,37.1447,10.0,4.7,mwr,"18 km SW of Pazarc?k, Turkey"
quakeml:earthquake.usgs.gov/fdsnws/event/1/query?eventid=us6000jm96&format=quakeml,2023-02-07 15:48:54.123000+00:00,37.9939,36.4771,11.132,5.0,mww,"3 km SSW of Göksun, Turkey"
quakeml:earthquake.usgs.gov/fdsnws/event/1/query?eventid=us6000jp56&format=quakeml,2023-02-07 16:53:27.462000+00:00,36.0086,35.9967,10.0,4.2,mb,Central Turkey
quakeml:earthquake.usgs.gov/fdsnws/event/1/query?eventid=us6000jp57&format=quakeml,2023-02-07 16:54:31.685000+00:00,37.9421,37.323,17.033,4.1,mb,"10 km WSW of Nurhak, Turkey"
quakeml:earthquake.usgs.gov/fdsnws/event/1/query?eventid=us6000jmar&format=quakeml,2023-02-07 17:38:00.327000+00:00,37.8896,37.6276,16.287,4.2,mb,Central Turkey
quakeml:earthquake.usgs.gov/fdsnws/event/1/query?eventid=us6000jp4m&format=quakeml,2023-02-07 17:53:50.882000+00:00,38.0002,36.4438,8.524,4.2,mb,"5 km WSW of Göksun, Turkey"
quakeml:earthquake.usgs.gov/fdsnws/event/1/query?eventid=us6000jmat&format=quakeml,2023-02-07 18:09:59.860000+00:00,37.9358,36.6013,17.857,5.3,mww,Central Turkey
quakeml:earthquake.usgs.gov/fdsnws/event/1/query?eventid=us6000jp5e&format=quakeml,2023-02-07 18:14:08.571000+00:00,37.8659,38.2929,26.793,4.4,mb,"11 km N of Ad?yaman, Turkey"
quakeml:earthquake.usgs.gov/fdsnws/event/1/query?eventid=us6000jmbj&format=quakeml,2023-02-07 19:13:49.620000+00:00,38.0472,36.9204,13.0,4.4,mwr,Central Turkey
quakeml:earthquake.usgs.gov/fdsnws/event/1/query?eventid=us6000jmc7&format=quakeml,2023-02-07 21:21:25.723000+00:00,37.904,37.4957,3.541,4.7,mww,Central Turkey
quakeml:earthquake.usgs.gov/fdsnws/event/1/query?eventid=us6000jp4u&format=quakeml,2023-02-07 21:58:54.224000+00:00,37.4201,36.9564,12.635,4.1,mb,"18 km S of Kahramanmara?, Turkey"
quakeml:earthquake.usgs.gov/fdsnws/event/1/query?eventid=us6000jp4v&format=quakeml,2023-02-07 22:07:54.879000+00:00,38.0663,36.5541,12.635,4.2,mb,Central Turkey
quakeml:earthquake.usgs.gov/fdsnws/event/1/query?eventid=us6000jp4y&format=quakeml,2023-02-07 22:45:27.921000+00:00,38.0992,36.5507,6.069,4.2,mb,"9 km NNE of Göksun, Turkey"
quakeml:earthquake.usgs.gov/fdsnws/event/1/query?eventid=us6000jmdw&format=quakeml,2023-02-07 23:13:02.009000+00:00,36.0927,35.8637,10.0,4.5,mb,Central Turkey
quakeml:earthquake.usgs.gov/fdsnws/event/1/query?eventid=us6000jme5&format=quakeml,2023-02-08 00:11:55.118000+00:00,38.0835,37.1939,14.197,4.1,mb,"2 km NNE of Ekinözü, Turkey"
quakeml:earthquake.usgs.gov/fdsnws/event/1/query?eventid=us6000jmem&format=quakeml,2023-02-08 02:25:12.724000+00:00,37.8759,38.1193,10.0,4.3,mb,"18 km NW of Ad?yaman, Turkey"
quakeml:earthquake.usgs.gov/fdsnws/event/1/query?eventid=us6000jpcg&format=quakeml,2023-02-08 02:55:57.054000+00:00,37.1601,36.6433,10.0,4.1,mb,"7 km SE of Bahçe, Turkey"
quakeml:earthquake.usgs.gov/fdsnws/event/1/query?eventid=us6000jmer&format=quakeml,2023-02-08 03:01:02.184000+00:00,37.1511,36.671,10.0,4.3,mb,"6 km WSW of Nurda??, Turkey"
quakeml:earthquake.usgs.gov/fdsnws/event/1/query?eventid=us6000jmfk&format=quakeml,2023-02-08 05:52:37.157000+00:00,38.0593,36.7087,10.0,4.2,mwr,"19 km ENE of Göksun, Turkey"
quakeml:earthquake.usgs.gov/fdsnws/event/1/query?eventid=us6000jmfp&format=quakeml,2023-02-08 06:08:34.681000+00:00,37.9558,38.313,10.0,4.4,mb,"10 km SE of Çelikhan, Turkey"
quakeml:earthquake.usgs.gov/fdsnws/event/1/query?eventid=us6000jmfn&format=quakeml,2023-02-08 06:09:00.273000+00:00,36.2022,36.1959,10.0,4.5,mb,"3 km E of Antakya, Turkey"
quakeml:earthquake.usgs.gov/fdsnws/event/1/query?eventid=us6000jpcf&format=quakeml,2023-02-08 07:20:41.894000+00:00,36.7009,36.3794,10.0,4.4,mb,"16 km ENE of Denizciler, Turkey"
quakeml:earthquake.usgs.gov/fdsnws/event/1/query?eventid=us6000jpce&format=quakeml,2023-02-08 07:23:45.800000+00:00,36.3259,36.2434,10.0,4.1,mb,"4 km SE of Serinyol, Turkey"
quakeml:earthquake.usgs.gov/fdsnws/event/1/query?eventid=us6000jmg1&format=quakeml,2023-02-08 07:48:31.978000+00:00,38.0061,36.4959,10.0,5.0,mww,"1 km S of Göksun, Turkey"
quakeml:earthquake.usgs.gov/fdsnws/event/1/query?eventid=us6000jmg5&format=quakeml,2023-02-08 08:45:36.239000+00:00,37.8795,37.7666,12.886,4.1,mwr,"15 km NE of Gölba??, Turkey"
quakeml:earthquake.usgs.gov/fdsnws/event/1/query?eventid=us6000jpch&format=quakeml,2023-02-08 09:13:07.114000+00:00,36.6565,36.5077,10.0,4.3,mb,"14 km SSW of A?a?? Karafak?l?, Turkey"
quakeml:earthquake.usgs.gov/fdsnws/event/1/query?eventid=us6000jpcs&format=quakeml,2023-02-08 09:52:11.967000+00:00,38.0337,36.5009,10.0,4.4,mb,"1 km NNE of Göksun, Turkey"
quakeml:earthquake.usgs.gov/fdsnws/event/1/query?eventid=us6000jmg9&format=quakeml,2023-02-08 10:26:23.750000+00:00,37.1554,37.0022,6.602,4.4,mwr,"23 km E of Nurda??, Turkey"
quakeml:earthquake.usgs.gov/fdsnws/event/1/query?eventid=us6000jmge&format=quakeml,2023-02-08 11:00:19.726000+00:00,38.0268,37.7704,10.0,4.1,mwr,"11 km SW of Do?an?ehir, Turkey"
quakeml:earthquake.usgs.gov/fdsnws/event/1/query?eventid=us6000jmgf&format=quakeml,2023-02-08 11:11:52.969000+00:00,37.9389,37.6611,9.559,5.4,mww,"17 km N of Gölba??, Turkey"
quakeml:earthquake.usgs.gov/fdsnws/event/1/query?eventid=us6000jmgg&format=quakeml,2023-02-08 11:24:00.758000+00:00,37.9367,37.6179,3.53,4.5,mwr,Central Turkey
quakeml:earthquake.usgs.gov/fdsnws/event/1/query?eventid=us6000jpdb&format=quakeml,2023-02-08 11:37:21.861000+00:00,38.0802,36.8835,10.0,4.0,mb,"18 km S of Af?in, Turkey"
quakeml:earthquake.usgs.gov/fdsnws/event/1/query?eventid=us6000jmgm&format=quakeml,2023-02-08 12:11:56.031000+00:00,38.8457,37.2766,10.0,4.1,mb,Central Turkey
quakeml:earthquake.usgs.gov/fdsnws/event/1/query?eventid=us6000jmgv&format=quakeml,2023-02-08 13:22:46.806000+00:00,37.9312,38.2283,17.226,4.1,mb,"10 km S of Çelikhan, Turkey"
quakeml:earthquake.usgs.gov/fdsnws/event/1/query?eventid=us6000jmh3&format=quakeml,2023-02-08 14:20:24.960000+00:00,37.9963,37.4325,5.398,5.1,mww,"3 km N of Nurhak, Turkey"
quakeml:earthquake.usgs.gov/fdsnws/event/1/query?eventid=us6000jmhg&format=quakeml,2023-02-08 14:42:21.367000+00:00,38.0953,36.6525,11.674,4.4,mb,"15 km ENE of Göksun, Turkey"
quakeml:earthquake.usgs.gov/fdsnws/event/1/query?eventid=us6000jmhi&format=quakeml,2023-02-08 14:55:51.504000+00:00,38.0396,38.5055,16.116,4.3,mb,eastern Turkey
quakeml:earthquake.usgs.gov/fdsnws/event/1/query?eventid=us6000jmhk&format=quakeml,2023-02-08 15:04:43.256000+00:00,38.0391,36.953,10.0,4.3,mb,Central Turkey
quakeml:earthquake.usgs.gov/fdsnws/event/1/query?eventid=us6000jmj3&format=quakeml,2023-02-08 15:49:58.075000+00:00,37.8218,36.5994,1.576,4.3,mwr,Central Turkey
quakeml:earthquake.usgs.gov/fdsnws/event/1/query?eventid=us6000jmja&format=quakeml,2023-02-08 16:55:40.516000+00:00,38.0244,37.1589,10.0,4.4,mb,"4 km SSW of Ekinözü, Turkey"
quakeml:earthquake.usgs.gov/fdsnws/event/1/query?eventid=us6000jpcx&format=quakeml,2023-02-08 18:35:12.129000+00:00,37.5096,37.116,10.0,4.4,mb,"16 km W of Pazarc?k, Turkey"
quakeml:earthquake.usgs.gov/fdsnws/event/1/query?eventid=us6000jmk0&format=quakeml,2023-02-08 19:05:19.712000+00:00,38.0531,36.5409,10.0,4.5,mb,"5 km NE of Göksun, Turkey"
quakeml:earthquake.usgs.gov/fdsnws/event/1/query?eventid=us6000jmk7&format=quakeml,2023-02-08 19:48:11.735000+00:00,36.3313,36.0996,10.0,4.2,mb,Turkey-Syria border region
quakeml:earthquake.usgs.gov/fdsnws/event/1/query?eventid=us6000jmkh&format=quakeml,2023-02-08 20:12:06.104000+00:00,38.1972,38.1247,10.0,4.5,mb,"15 km SW of Ye?ilyurt, Turkey"
quakeml:earthquake.usgs.gov/fdsnws/event/1/query?eventid=us6000jmll&format=quakeml,2023-02-08 22:36:49.468000+00:00,38.2135,38.1703,10.0,4.0,mb,"11 km SW of Ye?ilyurt, Turkey"
quakeml:earthquake.usgs.gov/fdsnws/event/1/query?eventid=us6000jmma&format=quakeml,2023-02-09 01:44:19.249000+00:00,37.8831,37.7147,8.154,4.5,mb,"13 km NNE of Gölba??, Turkey"
quakeml:earthquake.usgs.gov/fdsnws/event/1/query?eventid=us6000jmmw&format=quakeml,2023-02-09 03:24:55.884000+00:00,36.8136,36.4252,10.0,4.3,mb,"8 km W of Hassa, Turkey"
quakeml:earthquake.usgs.gov/fdsnws/event/1/query?eventid=us6000jmmz&format=quakeml,2023-02-09 03:52:19.602000+00:00,37.9889,38.5654,13.975,4.3,mb,"6 km SW of Sincik, Turkey"
quakeml:earthquake.usgs.gov/fdsnws/event/1/query?eventid=us6000jpjv&format=quakeml,2023-02-09 04:18:20.615000+00:00,37.9616,36.3641,10.0,4.3,mb,"13 km WSW of Göksun, Turkey"
quakeml:earthquake.usgs.gov/fdsnws/event/1/query?eventid=us6000jmn4&format=quakeml,2023-02-09 04:34:45.242000+00:00,38.0951,38.4712,15.955,4.3,mb,"14 km WNW of Sincik, Turkey"
quakeml:earthquake.usgs.gov/fdsnws/event/1/query?eventid=us6000jpjz&format=quakeml,2023-02-09 05:24:26.530000+00:00,38.0679,36.6086,8.594,4.4,mb,"11 km ENE of Göksun, Turkey"
quakeml:earthquake.usgs.gov/fdsnws/event/1/query?eventid=us6000jmnc&format=quakeml,2023-02-09 05:37:34.149000+00:00,38.1849,38.1997,15.513,4.3,mb,"12 km SSW of Ye?ilyurt, Turkey"
quakeml:earthquake.usgs.gov/fdsnws/event/1/query?eventid=us6000jpk4&format=quakeml,2023-02-09 06:49:51.214000+00:00,37.8752,37.6589,14.944,4.1,mb,"10 km N of G?lba??, Turkey"
quakeml:earthquake.usgs.gov/fdsnws/event/1/query?eventid=us6000jmnp&format=quakeml,2023-02-09 07:18:17.198000+00:00,36.9611,36.6603,8.379,4.6,mwr,Turkey-Syria border region
quakeml:earthquake.usgs.gov/fdsnws/event/1/query?eventid=us6000jmnx&format=quakeml,2023-02-09 07:42:08.070000+00:00,37.995,36.5954,6.994,4.3,mb,"9 km ESE of Göksun, Turkey"
quakeml:earthquake.usgs.gov/fdsnws/event/1/query?eventid=us6000jpk6&format=quakeml,2023-02-09 07:57:06.462000+00:00,38.0799,36.5452,8.987,4.2,mb,Central Turkey
quakeml:earthquake.usgs.gov/fdsnws/event/1/query?eventid=us6000jmpe&format=quakeml,2023-02-09 09:46:55.926000+00:00,38.0605,38.6406,12.373,4.3,mb,"3 km NE of Sincik, Turkey"
quakeml:earthquake.usgs.gov/fdsnws/event/1/query?eventid=us6000jmpu&format=quakeml,2023-02-09 10:42:24.454000+00:00,37.2659,36.9198,11.669,4.3,mb,"19 km ENE of Nurda??, Turkey"
quakeml:earthquake.usgs.gov/fdsnws/event/1/query?eventid=us6000jmq7&format=quakeml,2023-02-09 11:48:32.158000+00:00,37.9921,37.7044,10.0,4.3,mb,"17 km SW of Do?an?ehir, Turkey"
quakeml:earthquake.usgs.gov/fdsnws/event/1/query?eventid=us6000jpkf&format=quakeml,2023-02-09 12:22:05.037000+00:00,37.9544,37.7834,10.0,4.1,mb,"16 km SSW of Do?an?ehir, Turkey"
quakeml:earthquake.usgs.gov/fdsnws/event/1/query?eventid=us6000jpkn&format=quakeml,2023-02-09 17:51:52.392000+00:00,38.0746,36.5194,10.0,4.0,mb,"6 km NNE of Göksun, Turkey"
quakeml:earthquake.usgs.gov/fdsnws/event/1/query?eventid=us6000jpkt&format=quakeml,2023-02-09 18:49:36.565000+00:00,36.1764,35.7977,10.0,4.2,mb,"21 km W of Uzunba?, Turkey"
quakeml:earthquake.usgs.gov/fdsnws/event/1/query?eventid=us6000jpku&format=quakeml,2023-02-09 19:37:46.503000+00:00,38.0264,36.6096,10.0,4.1,mb,"9 km E of Göksun, Turkey"
quakeml:earthquake.usgs.gov/fdsnws/event/1/query?eventid=us6000jmvn&format=quakeml,2023-02-09 21:46:29.508000+00:00,37.1694,36.8496,10.0,4.2,mb,"10 km E of Nurda??, Turkey"
quakeml:earthquake.usgs.gov/fdsnws/event/1/query?eventid=us6000jmvs&format=quakeml,2023-02-09 22:06:39.447000+00:00,37.1058,36.6317,5.459,4.2,mb,"8 km ESE of Hasanbeyli, Turkey"
quakeml:earthquake.usgs.gov/fdsnws/event/1/query?eventid=us6000jmzj&format=quakeml,2023-02-10 01:50:59.593000+00:00,37.8685,36.631,5.225,4.3,mwr,"20 km SE of Göksun, Turkey"
quakeml:earthquake.usgs.gov/fdsnws/event/1/query?eventid=us6000jmzl&format=quakeml,2023-02-10 02:03:42.954000+00:00,38.1343,38.2167,10.0,4.4,mb,"12 km N of Çelikhan, Turkey"
quakeml:earthquake.usgs.gov/fdsnws/event/1/query?eventid=us6000jn0h&format=quakeml,2023-02-10 04:50:24.791000+00:00,38.1736,38.1714,10.0,4.7,mwr,"15 km SSW of Ye?ilyurt, Turkey"
quakeml:earthquake.usgs.gov/fdsnws/event/1/query?eventid=us6000jpmm&format=quakeml,2023-02-10 04:53:51.269000+00:00,38.0858,38.451,10.0,4.2,mb,eastern Turkey
quakeml:earthquake.usgs.gov/fdsnws/event/1/query?eventid=us6000jn1b&format=quakeml,2023-02-10 09:02:49.022000+00:00,38.0757,38.1756,7.345,4.3,mb,"7 km NW of Çelikhan, Turkey"
quakeml:earthquake.usgs.gov/fdsnws/event/1/query?eventid=us6000jn2a&format=quakeml,2023-02-10 10:01:20.828000+00:00,38.1976,38.1375,10.0,4.4,mb,"14 km SW of Ye?ilyurt, Turkey"
quakeml:earthquake.usgs.gov/fdsnws/event/1/query?eventid=us6000jn4r&format=quakeml,2023-02-10 17:00:51.366000+00:00,37.8868,36.2951,2.087,4.7,mwr,"21 km ESE of Saimbeyli, Turkey"
quakeml:earthquake.usgs.gov/fdsnws/event/1/query?eventid=us6000jn4x&format=quakeml,2023-02-10 17:31:24.653000+00:00,38.1788,38.5981,4.258,4.1,mwr,"15 km N of Sincik, Turkey"
quakeml:earthquake.usgs.gov/fdsnws/event/1/query?eventid=us6000jn5q&format=quakeml,2023-02-10 20:12:47.019000+00:00,38.0517,38.5848,10.0,4.2,mb,eastern Turkey
quakeml:earthquake.usgs.gov/fdsnws/event/1/query?eventid=us6000jn77&format=quakeml,2023-02-11 00:24:43.131000+00:00,36.5556,36.5606,10.0,4.1,mb,"19 km ENE of K?r?khan, Turkey"
quakeml:earthquake.usgs.gov/fdsnws/event/1/query?eventid=us6000jn88&format=quakeml,2023-02-11 03:38:24.893000+00:00,37.9489,38.4382,10.26,4.2,mb,"18 km WSW of Sincik, Turkey"
quakeml:earthquake.usgs.gov/fdsnws/event/1/query?eventid=us6000jn8d&format=quakeml,2023-02-11 04:47:04.418000+00:00,37.8165,36.5708,10.0,4.3,mb,Central Turkey
quakeml:earthquake.usgs.gov/fdsnws/event/1/query?eventid=us6000jn8z&format=quakeml,2023-02-11 06:06:23.849000+00:00,37.9256,38.192,10.0,4.0,mb,"11 km SSW of Çelikhan, Turkey"
quakeml:earthquake.usgs.gov/fdsnws/event/1/query?eventid=us6000jn97&format=quakeml,2023-02-11 06:28:13.163000+00:00,38.0647,36.5778,8.106,4.6,mb,"8 km NE of Göksun, Turkey"
quakeml:earthquake.usgs.gov/fdsnws/event/1/query?eventid=us6000jn9a&format=quakeml,2023-02-11 07:55:41.897000+00:00,37.0598,36.95,4.748,4.6,mwr,"19 km N of Musabeyli, Turkey"
quakeml:earthquake.usgs.gov/fdsnws/event/1/query?eventid=us6000jn9p&format=quakeml,2023-02-11 09:03:36.465000+00:00,38.0281,38.1329,4.448,4.3,mb,"9 km W of Çelikhan, Turkey"
quakeml:earthquake.usgs.gov/fdsnws/event/1/query?eventid=us6000jnai&format=quakeml,2023-02-11 11:05:17.347000+00:00,38.1233,36.6274,13.853,4.3,mb,"16 km NE of Göksun, Turkey"
quakeml:earthquake.usgs.gov/fdsnws/event/1/query?eventid=us6000jnam&format=quakeml,2023-02-11 11:51:41.073000+00:00,36.4869,36.3096,5.36,4.4,mb,"4 km WSW of K?r?khan, Turkey"
quakeml:earthquake.usgs.gov/fdsnws/event/1/query?eventid=us6000jpp7&format=quakeml,2023-02-11 11:59:53.865000+00:00,37.8492,36.67,8.739,4.2,mb,"24 km SE of Göksun, Turkey"
quakeml:earthquake.usgs.gov/fdsnws/event/1/query?eventid=us6000jnaq&format=quakeml,2023-02-11 12:54:58.944000+00:00,38.0902,36.6163,8.66,4.1,mb,"12 km NE of Göksun, Turkey"
quakeml:earthquake.usgs.gov/fdsnws/event/1/query?eventid=us6000jnay&format=quakeml,2023-02-11 14:38:03.890000+00:00,37.9428,36.5034,10.0,4.4,mb,"8 km S of Göksun, Turkey"
quakeml:earthquake.usgs.gov/fdsnws/event/1/query?eventid=us6000jnbd&format=quakeml,2023-02-11 17:20:01.540000+00:00,36.268,36.171,10.0,4.3,mb,"1 km ENE of Kuzeytepe, Turkey"
quakeml:earthquake.usgs.gov/fdsnws/event/1/query?eventid=us6000jnbi&format=quakeml,2023-02-11 17:50:16.285000+00:00,38.1325,38.732,2.958,4.3,mb,"14 km NE of Sincik, Turkey"
quakeml:earthquake.usgs.gov/fdsnws/event/1/query?eventid=us6000jnc0&format=quakeml,2023-02-11 20:39:04.780000+00:00,37.7557,37.8675,11.351,4.3,mb,"6 km SW of Tut, Turkey"
quakeml:earthquake.usgs.gov/fdsnws/event/1/query?eventid=us6000jncp&format=quakeml,2023-02-11 22:29:15.692000+00:00,36.6384,36.5737,10.0,4.3,mb,Turkey-Syria border region
quakeml:earthquake.usgs.gov/fdsnws/event/1/query?eventid=us6000jncu&format=quakeml,2023-02-11 23:30:56.494000+00:00,38.0249,36.4218,10.0,4.1,mb,"6 km W of Göksun, Turkey"
quakeml:earthquake.usgs.gov/fdsnws/event/1/query?eventid=us6000jndu&format=quakeml,2023-02-12 04:29:14.767000+00:00,37.796,38.2326,10.0,4.3,mb,"5 km NW of Ad?yaman, Turkey"
quakeml:earthquake.usgs.gov/fdsnws/event/1/query?eventid=us6000jndy&format=quakeml,2023-02-12 04:46:30.728000+00:00,36.5324,36.4568,10.0,4.3,mb,"9 km ENE of K?r?khan, Turkey"
quakeml:earthquake.usgs.gov/fdsnws/event/1/query?eventid=us6000jndz&format=quakeml,2023-02-12 04:52:59.139000+00:00,37.9055,37.4792,10.0,4.1,mb,"7 km SSE of Nurhak, Turkey"
quakeml:earthquake.usgs.gov/fdsnws/event/1/query?eventid=us6000jnei&format=quakeml,2023-02-12 06:15:23.782000+00:00,38.1156,38.5843,8.654,4.0,mb,"9 km NNW of Sincik, Turkey"
quakeml:earthquake.usgs.gov/fdsnws/event/1/query?eventid=us6000jqbp&format=quakeml,2023-02-12 08:14:10.398000+00:00,38.0797,37.3193,7.67,4.4,mb,"11 km E of Ekinözü, Turkey"
quakeml:earthquake.usgs.gov/fdsnws/event/1/query?eventid=us6000jnf4&format=quakeml,2023-02-12 09:32:23.493000+00:00,36.1158,36.3017,10.0,4.2,mb,"4 km E of Alt?nözü, Turkey"
quakeml:earthquake.usgs.gov/fdsnws/event/1/query?eventid=us6000jnf7&format=quakeml,2023-02-12 10:00:25.592000+00:00,38.1339,38.2786,16.771,4.1,mb,"12 km NNE of Çelikhan, Turkey"
quakeml:earthquake.usgs.gov/fdsnws/event/1/query?eventid=us6000jnfg&format=quakeml,2023-02-12 12:25:22.576000+00:00,36.7991,36.7677,4.27,4.2,mb,"16 km SW of Musabeyli, Turkey"
quakeml:earthquake.usgs.gov/fdsnws/event/1/query?eventid=us6000jnfq&format=quakeml,2023-02-12 13:29:14.610000+00:00,37.9553,38.2894,10.0,4.3,mwr,"9 km SSE of Çelikhan, Turkey"
quakeml:earthquake.usgs.gov/fdsnws/event/1/query?eventid=us6000jng3&format=quakeml,2023-02-12 14:30:03.956000+00:00,37.8149,36.7003,10.0,4.4,mb,"29 km SE of Göksun, Turkey"
quakeml:earthquake.usgs.gov/fdsnws/event/1/query?eventid=us6000jngk&format=quakeml,2023-02-12 16:29:49.826000+00:00,38.824,38.031,10.0,5.0,mww,"8 km E of Hekimhan, Turkey"
quakeml:earthquake.usgs.gov/fdsnws/event/1/query?eventid=us6000jngq&format=quakeml,2023-02-12 17:28:17.826000+00:00,38.083,36.6197,10.0,4.1,mb,"12 km ENE of Göksun, Turkey"
quakeml:earthquake.usgs.gov/fdsnws/event/1/query?eventid=us6000jnh1&format=quakeml,2023-02-12 18:33:14.268000+00:00,37.3429,36.9989,9.339,4.7,mwr,"27 km SSE of Kahramanmara?, Turkey"
quakeml:earthquake.usgs.gov/fdsnws/event/1/query?eventid=us6000jnh5&format=quakeml,2023-02-12 19:02:29.312000+00:00,37.2623,37.0849,10.0,4.3,mb,"31 km SW of Pazarc?k, Turkey"
quakeml:earthquake.usgs.gov/fdsnws/event/1/query?eventid=us6000jqc3&format=quakeml,2023-02-12 21:21:34.902000+00:00,36.5999,36.8854,10.0,4.4,mb,"9 km N of ‘Afr?n, Syria"
quakeml:earthquake.usgs.gov/fdsnws/event/1/query?eventid=us6000jqc9&format=quakeml,2023-02-12 22:02:06.488000+00:00,36.0389,35.8488,10.0,4.0,mb,"20 km SW of Uzunba?, Turkey"
quakeml:earthquake.usgs.gov/fdsnws/event/1/query?eventid=us6000jni7&format=quakeml,2023-02-12 22:52:59.819000+00:00,38.0251,36.6342,10.0,4.3,mwr,"12 km E of Göksun, Turkey"
quakeml:earthquake.usgs.gov/fdsnws/event/1/query?eventid=us6000jnks&format=quakeml,2023-02-13 11:59:17.459000+00:00,36.8844,36.6204,11.34,4.5,mwr,"12 km NNE of A?a?? Karafak?l?, Turkey"
quakeml:earthquake.usgs.gov/fdsnws/event/1/query?eventid=us6000jnl4&format=quakeml,2023-02-13 14:28:17.684000+00:00,38.0402,38.589,13.42,4.3,mb,"2 km WNW of Sincik, Turkey"
quakeml:earthquake.usgs.gov/fdsnws/event/1/query?eventid=us6000jnlc&format=quakeml,2023-02-13 15:15:05.178000+00:00,37.8703,36.2865,10.0,4.2,mb,"21 km SE of Saimbeyli, Turkey"
quakeml:earthquake.usgs.gov/fdsnws/event/1/query?eventid=us6000jnmc&format=quakeml,2023-02-13 19:20:27.970000+00:00,38.0051,36.42,7.437,4.6,mwr,Central Turkey
quakeml:earthquake.usgs.gov/fdsnws/event/1/query?eventid=us6000jqtp&format=quakeml,2023-02-14 01:56:32.424000+00:00,36.781,36.1142,10.0,4.2,mb,"12 km WSW of Dörtyol, Turkey"
quakeml:earthquake.usgs.gov/fdsnws/event/1/query?eventid=us6000jnqt&format=quakeml,2023-02-14 11:54:11.925000+00:00,36.0172,36.1295,10.0,4.4,mb,"6 km NNW of K??lak, Turkey"
quakeml:earthquake.usgs.gov/fdsnws/event/1/query?eventid=us6000jnqy&format=quakeml,2023-02-14 13:13:07.027000+00:00,37.8316,37.9533,12.979,4.0,mb,"5 km NE of Tut, Turkey"
quakeml:earthquake.usgs.gov/fdsnws/event/1/query?eventid=us6000jnxk&format=quakeml,2023-02-14 15:50:37.803000+00:00,38.0849,37.166,0.343,4.4,mb,"3 km NW of Ekinözü, Turkey"
quakeml:earthquake.usgs.gov/fdsnws/event/1/query?eventid=us6000jnzr&format=quakeml,2023-02-14 23:14:01.248000+00:00,38.5302,37.4908,5.0,4.5,mwr,"2 km SW of Darende, Turkey"
quakeml:earthquake.usgs.gov/fdsnws/event/1/query?eventid=us6000jp0a&format=quakeml,2023-02-15 00:06:02.819000+00:00,36.7937,36.5503,10.0,4.2,mb,Turkey-Syria border region
quakeml:earthquake.usgs.gov/fdsnws/event/1/query?eventid=us6000jp1e&format=quakeml,2023-02-15 06:25:30.679000+00:00,38.0945,36.7069,10.0,4.3,mb,Central Turkey
quakeml:earthquake.usgs.gov/fdsnws/event/1/query?eventid=us6000jp25&format=quakeml,2023-02-15 07:36:29.833000+00:00,38.0187,36.4651,5.224,4.4,mwr,"2 km W of Göksun, Turkey"
quakeml:earthquake.usgs.gov/fdsnws/event/1/query?eventid=us6000jp8t&format=quakeml,2023-02-15 22:25:57.731000+00:00,38.0487,36.6395,6.273,4.2,mb,"12 km ENE of Göksun, Turkey"
quakeml:earthquake.usgs.gov/fdsnws/event/1/query?eventid=us6000jp9e&format=quakeml,2023-02-15 23:43:38.793000+00:00,37.3595,36.8701,13.697,3.9,mb,"24 km NNE of Nurda??, Turkey"
quakeml:earthquake.usgs.gov/fdsnws/event/1/query?eventid=us6000jpaw&format=quakeml,2023-02-16 05:18:56.895000+00:00,38.0817,38.5211,15.653,4.3,mb,eastern Turkey
quakeml:earthquake.usgs.gov/fdsnws/event/1/query?eventid=us6000jpd5&format=quakeml,2023-02-16 11:16:23.677000+00:00,35.9743,35.8103,10.0,4.8,mww,"24 km WNW of Yaylada??, Turkey"
quakeml:earthquake.usgs.gov/fdsnws/event/1/query?eventid=us6000jpdx&format=quakeml,2023-02-16 14:45:42.473000+00:00,38.1997,37.8377,10.0,4.6,mwr,"12 km NNW of Do?an?ehir, Turkey"
quakeml:earthquake.usgs.gov/fdsnws/event/1/query?eventid=us6000jpee&format=quakeml,2023-02-16 16:38:32.250000+00:00,37.9197,37.5097,10.0,4.1,mb,"7 km SE of Nurhak, Turkey"
quakeml:earthquake.usgs.gov/fdsnws/event/1/query?eventid=us6000jpff&format=quakeml,2023-02-16 19:47:49.683000+00:00,36.1766,35.7967,10.0,5.2,mww,"21 km W of Uzunba?, Turkey"
quakeml:earthquake.usgs.gov/fdsnws/event/1/query?eventid=us6000jpha&format=quakeml,2023-02-16 23:53:24.376000+00:00,37.8609,37.9524,10.0,4.1,mb,"7 km NNE of Tut, Turkey"
quakeml:earthquake.usgs.gov/fdsnws/event/1/query?eventid=us6000jpnr&format=quakeml,2023-02-17 14:58:56.344000+00:00,37.9375,36.3279,6.44,4.4,mwr,"17 km WSW of Göksun, Turkey"
quakeml:earthquake.usgs.gov/fdsnws/event/1/query?eventid=us6000jpr3&format=quakeml,2023-02-17 19:10:38.916000+00:00,38.0804,38.1774,15.797,3.9,mwr,"8 km NW of ?elikhan, Turkey"
quakeml:earthquake.usgs.gov/fdsnws/event/1/query?eventid=us6000jpun&format=quakeml,2023-02-18 05:26:04.931000+00:00,38.073,37.1651,5.16,4.0,mwr,"2 km NW of Ekinözü, Turkey"
quakeml:earthquake.usgs.gov/fdsnws/event/1/query?eventid=us6000jpxx&format=quakeml,2023-02-18 16:14:41.445000+00:00,37.9217,38.1144,9.326,4.0,mb,eastern Turkey
quakeml:earthquake.usgs.gov/fdsnws/event/1/query?eventid=us6000jpyq&format=quakeml,2023-02-18 19:31:31.742000+00:00,38.0696,36.5991,12.158,5.0,mww,"10 km ENE of Göksun, Turkey"
quakeml:earthquake.usgs.gov/fdsnws/event/1/query?eventid=us6000jq0m&format=quakeml,2023-02-19 00:56:11.610000+00:00,38.0406,36.2306,6.431,4.3,mwr,"13 km ENE of Saimbeyli, Turkey"
quakeml:earthquake.usgs.gov/fdsnws/event/1/query?eventid=us6000jq1d&format=quakeml,2023-02-19 03:59:10.433000+00:00,37.1416,36.8384,9.74,4.1,mwr,"9 km ESE of Nurda??, Turkey"
quakeml:earthquake.usgs.gov/fdsnws/event/1/query?eventid=us6000jq1h&format=quakeml,2023-02-19 04:06:17.623000+00:00,37.2737,36.8291,10.0,4.2,mb,"14 km NE of Nurda??, Turkey"
quakeml:earthquake.usgs.gov/fdsnws/event/1/query?eventid=us6000jq1g&format=quakeml,2023-02-19 04:07:41.230000+00:00,37.3021,36.8869,11.749,4.3,mwr,"19 km NE of Nurda??, Turkey"
quakeml:earthquake.usgs.gov/fdsnws/event/1/query?eventid=us6000jq3c&format=quakeml,2023-02-19 12:04:33.897000+00:00,38.2354,38.1917,5.306,4.6,mwr,"8 km SW of Ye?ilyurt, Turkey"
quakeml:earthquake.usgs.gov/fdsnws/event/1/query?eventid=us6000jq69&format=quakeml,2023-02-19 21:30:30.167000+00:00,37.3725,36.8705,10.0,3.9,mwr,"24 km SSW of Kahramanmara?, Turkey"
quakeml:earthquake.usgs.gov/fdsnws/event/1/query?eventid=us6000jq6w&format=quakeml,2023-02-19 23:57:26.565000+00:00,38.2676,38.8212,10.0,4.2,mb,"19 km WSW of Do?anyol, Turkey"
quakeml:earthquake.usgs.gov/fdsnws/event/1/query?eventid=us6000jq7l&format=quakeml,2023-02-20 01:49:00.120000+00:00,38.0024,36.7996,6.718,4.3,mwr,"26 km E of Göksun, Turkey"
quakeml:earthquake.usgs.gov/fdsnws/event/1/query?eventid=us6000jqcn&format=quakeml,2023-02-20 17:04:29.747000+00:00,36.1616,36.0251,16.0,6.3,mww,"2 km NNW of Uzunba?, Turkey"
quakeml:earthquake.usgs.gov/fdsnws/event/1/query?eventid=us6000jqjc&format=quakeml,2023-02-20 17:07:35.934000+00:00,36.159,35.9351,10.0,5.5,mb,"9 km WNW of Uzunba?, Turkey"
quakeml:earthquake.usgs.gov/fdsnws/event/1/query?eventid=us7000jga3&format=quakeml,2023-02-20 17:13:18.998000+00:00,36.2653,36.0798,10.0,4.6,mb,Turkey-Syria border region
quakeml:earthquake.usgs.gov/fdsnws/event/1/query?eventid=us6000jqdn&format=quakeml,2023-02-20 19:00:14.488000+00:00,36.105,35.9906,10.0,4.2,mb,"5 km SW of Uzunba?, Turkey"
quakeml:earthquake.usgs.gov/fdsnws/event/1/query?eventid=us6000jqdp&format=quakeml,2023-02-20 19:09:20.418000+00:00,36.2572,36.1266,10.0,4.2,mb,"2 km WSW of Kuzeytepe, Turkey"
quakeml:earthquake.usgs.gov/fdsnws/event/1/query?eventid=us6000jqfm&format=quakeml,2023-02-20 22:56:53.386000+00:00,35.9531,35.9447,10.0,4.0,mb,Near the coast of Syria
quakeml:earthquake.usgs.gov/fdsnws/event/1/query?eventid=us6000jqft&format=quakeml,2023-02-20 23:21:14.407000+00:00,38.0175,37.3695,10.0,4.3,mwr,"8 km NW of Nurhak, Turkey"
quakeml:earthquake.usgs.gov/fdsnws/event/1/query?eventid=us6000jqil&format=quakeml,2023-02-21 09:56:46.442000+00:00,38.1698,38.4896,5.935,4.2,mb,"18 km NW of Sincik, Turkey"
quakeml:earthquake.usgs.gov/fdsnws/event/1/query?eventid=us6000jqim&format=quakeml,2023-02-21 10:09:38.143000+00:00,37.4411,37.2074,16.582,4.2,mb,Central Turkey
quakeml:earthquake.usgs.gov/fdsnws/event/1/query?eventid=us6000jqiz&format=quakeml,2023-02-21 11:55:52.878000+00:00,38.0685,37.43,10.747,4.1,mb,"11 km N of Nurhak, Turkey"
quakeml:earthquake.usgs.gov/fdsnws/event/1/query?eventid=us6000jqkr&format=quakeml,2023-02-21 16:06:48.560000+00:00,36.1158,36.1459,10.0,4.2,mb,"3 km E of Bal?kl?dere, Turkey"
quakeml:earthquake.usgs.gov/fdsnws/event/1/query?eventid=us6000jqq1&format=quakeml,2023-02-22 04:40:03.213000+00:00,38.0463,36.6397,10.0,4.0,mb,"12 km ENE of Göksun, Turkey"
quakeml:earthquake.usgs.gov/fdsnws/event/1/query?eventid=us6000jqqy&format=quakeml,2023-02-22 07:56:55.082000+00:00,38.0395,37.8449,10.0,4.2,mb,"5 km SSW of Do?an?ehir, Turkey"
quakeml:earthquake.usgs.gov/fdsnws/event/1/query?eventid=us6000jqw3&format=quakeml,2023-02-22 20:36:08.040000+00:00,38.0438,38.3872,9.136,4.1,mb,"13 km E of Çelikhan, Turkey"
quakeml:earthquake.usgs.gov/fdsnws/event/1/query?eventid=us6000jqyd&format=quakeml,2023-02-23 03:23:02.764000+00:00,37.2286,37.0909,10.0,4.0,mb,"31 km NW of Gaziantep, Turkey"
quakeml:earthquake.usgs.gov/fdsnws/event/1/query?eventid=us6000jr08&format=quakeml,2023-02-23 11:41:44.935000+00:00,38.0035,37.7419,10.0,4.4,mb,"14 km SW of Do?an?ehir, Turkey"
quakeml:earthquake.usgs.gov/fdsnws/event/1/query?eventid=us6000jr1t&format=quakeml,2023-02-23 15:53:47.547000+00:00,36.0589,36.095,10.0,4.9,mww,"6 km SSE of Büyükçat, Turkey"
quakeml:earthquake.usgs.gov/fdsnws/event/1/query?eventid=us6000jr79&format=quakeml,2023-02-24 05:46:18.423000+00:00,36.3086,36.0365,10.0,4.0,mb,"11 km NW of G?nyaz?, Turkey"
quakeml:earthquake.usgs.gov/fdsnws/event/1/query?eventid=us6000jrdc&format=quakeml,2023-02-24 17:20:00.554000+00:00,38.7865,37.3025,10.0,4.6,mwr,"7 km NNE of Gürün, Turkey"
quakeml:earthquake.usgs.gov/fdsnws/event/1/query?eventid=us6000jrej&format=quakeml,2023-02-24 20:25:30.019000+00:00,38.0934,38.7162,10.0,4.5,mwr,eastern Turkey
quakeml:earthquake.usgs.gov/fdsnws/event/1/query?eventid=us6000jrgg&format=quakeml,2023-02-25 01:12:20.001000+00:00,36.0592,35.9528,10.0,4.2,mb,Central Turkey
quakeml:earthquake.usgs.gov/fdsnws/event/1/query?eventid=us6000jril&format=quakeml,2023-02-25 08:58:40.076000+00:00,38.3654,37.4414,5.166,4.1,mb,"20 km SSW of Darende, Turkey"
quakeml:earthquake.usgs.gov/fdsnws/event/1/query?eventid=us6000jrjg&format=quakeml,2023-02-25 12:41:13.746000+00:00,38.0367,37.067,6.703,4.4,mwr,"10 km WSW of Ekin?z?, Turkey"
quakeml:earthquake.usgs.gov/fdsnws/event/1/query?eventid=us6000jrn1&format=quakeml,2023-02-26 02:26:31.012000+00:00,36.0535,36.012,10.0,4.5,mwr,"9 km SW of B?y?k?at, Turkey"
quakeml:earthquake.usgs.gov/fdsnws/event/1/query?eventid=us6000jrn9&format=quakeml,2023-02-26 04:37:41.209000+00:00,38.0353,37.0903,10.0,4.3,mb,"8 km WSW of Ekinözü, Turkey"
quakeml:earthquake.usgs.gov/fdsnws/event/1/query?eventid=us6000jrtz&format=quakeml,2023-02-27 02:51:21.400000+00:00,37.8722,37.5853,10.0,4.7,mwr,"10 km NNW of Gölba??, Turkey"
quakeml:earthquake.usgs.gov/fdsnws/event/1/query?eventid=us6000jrvk&format=quakeml,2023-02-27 06:19:48.628000+00:00,37.9189,37.0464,8.266,4.2,mwr,"19 km SW of Ekinözü, Turkey"
quakeml:earthquake.usgs.gov/fdsnws/event/1/query?eventid=us7000jhxe&format=quakeml,2023-02-27 06:29:04.414000+00:00,36.6204,35.704,10.0,4.4,mb,"30 km E of Karata?, Turkey"
quakeml:earthquake.usgs.gov/fdsnws/event/1/query?eventid=us6000jrw4&format=quakeml,2023-02-27 09:04:51.865000+00:00,38.2144,38.2773,10.0,5.2,mww,"9 km SSE of Ye?ilyurt, Turkey"
quakeml:earthquake.usgs.gov/fdsnws/event/1/query?eventid=us7000jg5h&format=quakeml,2023-02-28 02:19:00.155000+00:00,38.2434,38.2911,10.0,4.2,mb,"7 km SE of Ye?ilyurt, Turkey"
quakeml:earthquake.usgs.gov/fdsnws/event/1/query?eventid=us7000jg8e&format=quakeml,2023-02-28 12:42:16.530000+00:00,37.4289,36.4287,13.271,4.3,mb,"17 km SSE of And?r?n, Turkey"
quakeml:earthquake.usgs.gov/fdsnws/event/1/query?eventid=us7000jg90&format=quakeml,2023-02-28 14:39:54.956000+00:00,37.7893,36.7056,10.0,4.4,mwr,Central Turkey
quakeml:earthquake.usgs.gov/fdsnws/event/1/query?eventid=us7000jg94&format=quakeml,2023-02-28 14:49:17.330000+00:00,37.9073,36.7306,10.0,3.9,mwr,"24 km ESE of Göksun, Turkey"
quakeml:earthquake.usgs.gov/fdsnws/event/1/query?eventid=us7000jgbe&format=quakeml,2023-02-28 18:51:44.658000+00:00,37.2588,36.992,13.18,4.1,mb,"24 km ENE of Nurda??, Turkey"
quakeml:earthquake.usgs.gov/fdsnws/event/1/query?eventid=us7000jgdf&format=quakeml,2023-02-28 23:32:10.728000+00:00,37.2808,37.0318,11.969,4.1,mb,"29 km ENE of Nurda??, Turkey"
quakeml:earthquake.usgs.gov/fdsnws/event/1/query?eventid=us7000jged&format=quakeml,2023-03-01 02:23:22.581000+00:00,37.9019,36.8966,10.0,4.1,mwr,Central Turkey
quakeml:earthquake.usgs.gov/fdsnws/event/1/query?eventid=us7000jgev&format=quakeml,2023-03-01 04:15:31.399000+00:00,37.7611,37.8869,10.0,4.3,mb,"4 km SW of Tut, Turkey"
quakeml:earthquake.usgs.gov/fdsnws/event/1/query?eventid=us7000jgic&format=quakeml,2023-03-01 07:20:23.043000+00:00,36.3065,36.097,10.0,4.7,mb,"7 km W of Anayazi, Turkey"
quakeml:earthquake.usgs.gov/fdsnws/event/1/query?eventid=us7000jgly&format=quakeml,2023-03-01 16:37:59.849000+00:00,37.2659,37.0676,9.357,4.4,mb,"31 km ENE of Nurda??, Turkey"
quakeml:earthquake.usgs.gov/fdsnws/event/1/query?eventid=us7000jgyv&format=quakeml,2023-03-03 02:53:43.065000+00:00,37.8395,36.7004,7.12,5.0,mww,"26 km SE of Göksun, Turkey"
quakeml:earthquake.usgs.gov/fdsnws/event/1/query?eventid=us7000jh8x&format=quakeml,2023-03-04 05:27:34.779000+00:00,38.0299,38.2134,2.86,4.2,mb,"2 km WNW of Çelikhan, Turkey"
quakeml:earthquake.usgs.gov/fdsnws/event/1/query?eventid=us7000jhi7&format=quakeml,2023-03-05 20:49:46.490000+00:00,36.7867,36.1842,10.0,4.8,mwr,"7 km SW of Dörtyol, Turkey"
quakeml:earthquake.usgs.gov/fdsnws/event/1/query?eventid=us7000jhjt&format=quakeml,2023-03-06 02:16:02.969000+00:00,36.1816,36.0375,10.0,4.0,mb,"4 km N of Uzunba?, Turkey"
quakeml:earthquake.usgs.gov/fdsnws/event/1/query?eventid=us7000jhkj&format=quakeml,2023-03-06 05:51:08.086000+00:00,37.9373,37.9093,4.878,4.1,mb,"15 km N of Tut, Turkey"
quakeml:earthquake.usgs.gov/fdsnws/event/1/query?eventid=us7000jhl4&format=quakeml,2023-03-06 08:14:16.810000+00:00,36.1213,36.1681,10.0,4.3,mb,"4 km SE of Gümü?göze, Turkey"
quakeml:earthquake.usgs.gov/fdsnws/event/1/query?eventid=us7000jhlx&format=quakeml,2023-03-06 11:02:56.996000+00:00,36.2202,36.0072,10.0,4.0,mb,"5 km W of Toygarl?, Turkey"
quakeml:earthquake.usgs.gov/fdsnws/event/1/query?eventid=us7000jhmg&format=quakeml,2023-03-06 13:03:25.671000+00:00,38.197,37.2109,14.422,4.0,mb,"1 km SE of Elbistan, Turkey"
quakeml:earthquake.usgs.gov/fdsnws/event/1/query?eventid=us7000jhrd&format=quakeml,2023-03-06 22:14:57.396000+00:00,36.1589,36.0428,10.0,4.0,mb,"2 km NNE of Uzunba?, Turkey"
quakeml:earthquake.usgs.gov/fdsnws/event/1/query?eventid=us7000jhv7&format=quakeml,2023-03-07 09:40:12.279000+00:00,37.6641,36.608,8.301,4.4,mb,"24 km ENE of And?r?n, Turkey"
quakeml:earthquake.usgs.gov/fdsnws/event/1/query?eventid=us7000jhwd&format=quakeml,2023-03-07 14:18:21.324000+00:00,38.8412,37.3634,10.0,4.2,mwr,Central Turkey
quakeml:earthquake.usgs.gov/fdsnws/event/1/query?eventid=us7000jikw&format=quakeml,2023-03-09 18:55:28.646000+00:00,38.0443,38.4499,10.0,4.3,mwr,"14 km W of Sincik, Turkey"
quakeml:earthquake.usgs.gov/fdsnws/event/1/query?eventid=us7000jin6&format=quakeml,2023-03-09 23:34:17.926000+00:00,38.0554,38.4498,5.379,4.0,mwr,"14 km W of Sincik, Turkey"
quakeml:earthquake.usgs.gov/fdsnws/event/1/query?eventid=us7000jirp&format=quakeml,2023-03-10 07:58:34.775000+00:00,37.9912,37.4971,8.969,4.1,mb,"5 km ENE of Nurhak, Turkey"
quakeml:earthquake.usgs.gov/fdsnws/event/1/query?eventid=us7000jj4b&format=quakeml,2023-03-11 11:32:10.713000+00:00,38.078,38.5946,10.648,4.3,mb,"4 km NNW of Sincik, Turkey"
quakeml:earthquake.usgs.gov/fdsnws/event/1/query?eventid=us7000jj67&format=quakeml,2023-03-11 19:35:16.225000+00:00,36.9506,35.7349,3.736,4.3,mb,"11 km SW of Ceyhan, Turkey"
quakeml:earthquake.usgs.gov/fdsnws/event/1/query?eventid=us7000jjbv&format=quakeml,2023-03-12 12:31:22.559000+00:00,37.9391,36.329,10.0,4.3,mb,"17 km WSW of Göksun, Turkey"
quakeml:earthquake.usgs.gov/fdsnws/event/1/query?eventid=us7000jjft&format=quakeml,2023-03-13 01:34:30.468000+00:00,38.1188,38.6904,5.474,4.6,mwr,"11 km NE of Sincik, Turkey"
quakeml:earthquake.usgs.gov/fdsnws/event/1/query?eventid=us7000jjg2&format=quakeml,2023-03-13 02:13:53.408000+00:00,38.1179,38.6785,10.0,4.4,mb,"10 km NNE of Sincik, Turkey"
quakeml:earthquake.usgs.gov/fdsnws/event/1/query?eventid=us7000jjg7&format=quakeml,2023-03-13 02:23:14.787000+00:00,36.8216,36.5749,8.342,4.3,mb,"4 km NNE of Aşağı Karafakılı, Turkey"
quakeml:earthquake.usgs.gov/fdsnws/event/1/query?eventid=us7000jjqf&format=quakeml,2023-03-14 02:27:52.019000+00:00,38.1128,38.5365,8.388,3.9,mwr,eastern Turkey
quakeml:earthquake.usgs.gov/fdsnws/event/1/query?eventid=us7000jjrw&format=quakeml,2023-03-14 06:47:34.436000+00:00,38.0681,36.9544,3.289,4.6,mwr,"20 km S of Afşin, Turkey"
quakeml:earthquake.usgs.gov/fdsnws/event/1/query?eventid=us7000jjv5&format=quakeml,2023-03-14 14:49:49.524000+00:00,37.7899,37.3899,10.0,4.6,mwr,Central Turkey
quakeml:earthquake.usgs.gov/fdsnws/event/1/query?eventid=us7000jjzy&format=quakeml,2023-03-15 03:29:56.023000+00:00,37.1468,36.3894,12.301,4.2,mb,"14 km W of Hasanbeyli, Turkey"
quakeml:earthquake.usgs.gov/fdsnws/event/1/query?eventid=us7000jkp9&format=quakeml,2023-03-17 01:41:13.745000+00:00,38.0241,36.5823,5.0,4.4,mb,"7 km E of Göksun, Turkey"
quakeml:earthquake.usgs.gov/fdsnws/event/1/query?eventid=us7000jl04&format=quakeml,2023-03-18 01:40:06.005000+00:00,37.7982,36.6794,7.657,4.1,mb,"29 km SSE of Göksun, Turkey"
quakeml:earthquake.usgs.gov/fdsnws/event/1/query?eventid=us7000jl0z&format=quakeml,2023-03-18 05:14:29.880000+00:00,38.0124,36.4342,7.446,4.6,mb,"5 km W of Göksun, Turkey"
quakeml:earthquake.usgs.gov/fdsnws/event/1/query?eventid=us7000jl20&format=quakeml,2023-03-18 09:25:31.128000+00:00,37.8325,36.3765,2.786,4.4,mb,"23 km SSW of Göksun, Turkey"
quakeml:earthquake.usgs.gov/fdsnws/event/1/query?eventid=us7000jm77&format=quakeml,2023-03-18 09:31:05.651000+00:00,37.1129,36.3047,7.423,4.1,mb,Central Turkey
quakeml:earthquake.usgs.gov/fdsnws/event/1/query?eventid=us7000jl95&format=quakeml,2023-03-19 12:54:24.814000+00:00,38.0441,36.4908,9.74,4.3,mb,"2 km NNW of G?ksun, Turkey"
quakeml:earthquake.usgs.gov/fdsnws/event/1/query?eventid=us7000jmew&format=quakeml,2023-03-19 12:56:45.888000+00:00,38.0182,36.4817,9.438,4.3,mb,"1 km WSW of Göksun, Turkey"
quakeml:earthquake.usgs.gov/fdsnws/event/1/query?eventid=us7000jle3&format=quakeml,2023-03-20 09:57:07.933000+00:00,38.0581,37.1965,10.0,4.2,mb,"0 km ESE of Ekinözü, Turkey"
quakeml:earthquake.usgs.gov/fdsnws/event/1/query?eventid=us7000jlfv&format=quakeml,2023-03-20 15:40:36.190000+00:00,37.3664,36.7383,10.0,4.0,mb,"21 km N of Nurdağı, Turkey"
quakeml:earthquake.usgs.gov/fdsnws/event/1/query?eventid=us7000jm0j&format=quakeml,2023-03-22 19:43:25.380000+00:00,38.0772,38.0427,10.0,4.3,mwr,"15 km E of Doğanşehir, Turkey"
quakeml:earthquake.usgs.gov/fdsnws/event/1/query?eventid=us7000jm47&format=quakeml,2023-03-23 05:45:22.216000+00:00,37.8867,36.6199,7.606,4.2,mwr,"18 km SE of Göksun, Turkey"
quakeml:earthquake.usgs.gov/fdsnws/event/1/query?eventid=us7000jm54&format=quakeml,2023-03-23 09:19:53.459000+00:00,38.0109,36.4273,10.0,5.3,mww,"6 km W of Göksun, Turkey"
quakeml:earthquake.usgs.gov/fdsnws/event/1/query?eventid=us7000jm5l&format=quakeml,2023-03-23 10:04:57.411000+00:00,38.0186,36.4699,10.0,4.4,mb,"2 km W of Göksun, Turkey"
quakeml:earthquake.usgs.gov/fdsnws/event/1/query?eventid=us7000jmay&format=quakeml,2023-03-24 00:39:53.695000+00:00,37.9593,36.3728,10.0,4.6,mwr,"K. Maras, Turkey"
quakeml:earthquake.usgs.gov/fdsnws/event/1/query?eventid=us7000jme6&format=quakeml,2023-03-24 13:10:35.229000+00:00,37.9624,37.5237,12.756,4.4,mb,"7 km E of Nurhak, Turkey"
quakeml:earthquake.usgs.gov/fdsnws/event/1/query?eventid=us7000jmme&format=quakeml,2023-03-25 04:39:34.155000+00:00,38.039,37.0762,10.0,4.5,mb,"10 km WSW of Ekinözü, Turkey"
quakeml:earthquake.usgs.gov/fdsnws/event/1/query?eventid=us7000jmmu&format=quakeml,2023-03-25 06:33:40.469000+00:00,37.9067,36.189,10.0,4.3,mb,"12 km SE of Saimbeyli, Turkey"
quakeml:earthquake.usgs.gov/fdsnws/event/1/query?eventid=us7000jn0d&format=quakeml,2023-03-27 14:35:16.141000+00:00,38.0816,36.5466,8.93,4.4,mwr,"K. Maras, Turkey"
quakeml:earthquake.usgs.gov/fdsnws/event/1/query?eventid=us6000k0a8&format=quakeml,2023-03-28 10:55:16.146000+00:00,37.6759,36.3106,16.767,4.3,mb,"11 km NNW of Andırın, Turkey"
quakeml:earthquake.usgs.gov/fdsnws/event/1/query?eventid=us6000k0jz&format=quakeml,2023-03-29 13:58:39.296000+00:00,38.2368,38.0593,5.513,4.4,mb,"13 km SE of Akçadağ, Turkey"
quakeml:earthquake.usgs.gov/fdsnws/event/1/query?eventid=us6000k0ne&format=quakeml,2023-03-29 16:47:02.108000+00:00,37.9287,36.2781,3.848,4.5,mb,"17 km ESE of Saimbeyli, Turkey"
quakeml:earthquake.usgs.gov/fdsnws/event/1/query?eventid=us6000k0qm&format=quakeml,2023-03-29 20:08:37.009000+00:00,37.3405,36.8426,3.865,4.1,mb,Central Turkey
quakeml:earthquake.usgs.gov/fdsnws/event/1/query?eventid=us6000k0re&format=quakeml,2023-03-29 21:44:22.024000+00:00,37.786,36.5257,10.0,4.3,mb,"26 km S of Göksun, Turkey"
quakeml:earthquake.usgs.gov/fdsnws/event/1/query?eventid=us6000k139&format=quakeml,2023-03-31 10:56:57.370000+00:00,36.9811,36.661,10.143,4.3,mb,"19 km SSE of Hasanbeyli, Turkey"
quakeml:earthquake.usgs.gov/fdsnws/event/1/query?eventid=us6000k1cg&format=quakeml,2023-04-01 12:34:36.956000+00:00,36.0662,35.8128,10.0,4.3,mb,"21 km WSW of Uzunba?, Turkey"
quakeml:earthquake.usgs.gov/fdsnws/event/1/query?eventid=us6000k1cm&format=quakeml,2023-04-01 12:40:52.207000+00:00,36.0466,35.9161,10.0,4.3,mb,"14 km SW of Uzunba?, Turkey"
quakeml:earthquake.usgs.gov/fdsnws/event/1/query?eventid=us6000k1n0&format=quakeml,2023-04-03 03:45:49.031000+00:00,37.9347,36.2862,5.0,4.4,mb,"18 km ESE of Saimbeyli, Turkey"
quakeml:earthquake.usgs.gov/fdsnws/event/1/query?eventid=us6000k1p0&format=quakeml,2023-04-03 10:52:56.171000+00:00,38.013,37.7709,10.0,4.3,mb,"11 km SW of Doğanşehir, Turkey"
quakeml:earthquake.usgs.gov/fdsnws/event/1/query?eventid=us6000k1pg&format=quakeml,2023-04-03 12:44:15.375000+00:00,38.0591,37.7701,10.0,4.1,mwr,"9 km WSW of Do?an?ehir, Turkey"
quakeml:earthquake.usgs.gov/fdsnws/event/1/query?eventid=us6000k29p&format=quakeml,2023-04-06 00:57:44.196000+00:00,37.6604,35.4674,10.149,4.2,mb,"13 km NNE of Aladağ, Turkey"
quakeml:earthquake.usgs.gov/fdsnws/event/1/query?eventid=us6000k2s7&format=quakeml,2023-04-08 00:26:44.575000+00:00,38.1056,36.8693,5.63,4.1,mb,"16 km SSW of Afşin, Turkey"
quakeml:earthquake.usgs.gov/fdsnws/event/1/query?eventid=us6000k3dd&format=quakeml,2023-04-10 22:45:09.830000+00:00,37.4535,37.1254,15.554,4.0,mb,"15 km WSW of Pazarcık, Turkey"
quakeml:earthquake.usgs.gov/fdsnws/event/1/query?eventid=us6000k3g6&format=quakeml,2023-04-11 08:17:42.872000+00:00,37.897,36.4435,10.0,4.3,mb,"14 km SSW of Göksun, Turkey"
quakeml:earthquake.usgs.gov/fdsnws/event/1/query?eventid=us6000k425&format=quakeml,2023-04-13 13:27:00.218000+00:00,38.1221,38.5573,10.0,4.4,mb,"10 km NNW of Sincik, Turkey"
quakeml:earthquake.usgs.gov/fdsnws/event/1/query?eventid=us6000k4n3&format=quakeml,2023-04-15 09:37:21.889000+00:00,37.9156,36.2978,2.813,4.3,mb,"19 km ESE of Saimbeyli, Turkey"
quakeml:earthquake.usgs.gov/fdsnws/event/1/query?eventid=us6000k4sz&format=quakeml,2023-04-15 21:51:02.286000+00:00,37.6037,37.1654,10.0,4.1,mb,Central Turkey
quakeml:earthquake.usgs.gov/fdsnws/event/1/query?eventid=us6000k4y1&format=quakeml,2023-04-16 22:55:57.458000+00:00,38.0743,36.7493,10.0,4.0,mb,"22 km ENE of Göksun, Turkey"
quakeml:earthquake.usgs.gov/fdsnws/event/1/query?eventid=us6000k4zl&format=quakeml,2023-04-17 06:39:08.540000+00:00,38.1965,38.6816,8.37,4.0,mb,"18 km NNE of Sincik, Turkey"
quakeml:earthquake.usgs.gov/fdsnws/event/1/query?eventid=us7000jvwd&format=quakeml,2023-04-25 22:14:08.550000+00:00,38.0275,37.3069,5.0,4.0,mb,"11 km ESE of Ekinözü, Turkey"
quakeml:earthquake.usgs.gov/fdsnws/event/1/query?eventid=us7000jvy7&format=quakeml,2023-04-26 04:48:32.480000+00:00,37.8831,36.4031,10.0,4.2,mb,"17 km SSW of Göksun, Turkey"
quakeml:earthquake.usgs.gov/fdsnws/event/1/query?eventid=us7000jw1g&format=quakeml,2023-04-26 15:31:05.471000+00:00,38.0104,36.4372,6.0,4.3,mwr,"5 km WSW of Göksun, Turkey"
quakeml:earthquake.usgs.gov/fdsnws/event/1/query?eventid=us7000jwav&format=quakeml,2023-04-27 15:33:45.536000+00:00,38.7636,37.134,7.476,4.2,mb,Central Turkey
quakeml:earthquake.usgs.gov/fdsnws/event/1/query?eventid=us7000jwk7&format=quakeml,2023-04-28 05:15:44.377000+00:00,36.1028,36.0439,10.0,4.1,mb,"3 km WSW of Büyükçat, Turkey"
quakeml:earthquake.usgs.gov/fdsnws/event/1/query?eventid=us7000jwv7&format=quakeml,2023-04-29 01:55:48.680000+00:00,38.1021,36.4431,10.0,4.6,mb,"10 km NNW of Göksun, Turkey"
quakeml:earthquake.usgs.gov/fdsnws/event/1/query?eventid=us7000jx6j&format=quakeml,2023-04-30 13:01:28.103000+00:00,38.3303,37.7144,10.0,4.2,mb,"22 km W of Akçadağ, Turkey"
quakeml:earthquake.usgs.gov/fdsnws/event/1/query?eventid=us7000jxep&format=quakeml,2023-05-01 21:36:01.096000+00:00,38.1582,38.5532,10.0,4.2,mb,eastern Turkey
quakeml:earthquake.usgs.gov/fdsnws/event/1/query?eventid=us7000jxph&format=quakeml,2023-05-03 06:20:54.241000+00:00,37.5767,35.6059,10.0,4.4,mb,"18 km E of Aladağ, Turkey"
quakeml:earthquake.usgs.gov/fdsnws/event/1/query?eventid=us7000jxsv&format=quakeml,2023-05-03 17:16:38.697000+00:00,38.0541,36.5563,11.5,4.9,mb,"K. Maras, Turkey"
quakeml:earthquake.usgs.gov/fdsnws/event/1/query?eventid=us6000kam9&format=quakeml,2023-05-03 17:22:16.031000+00:00,38.0547,36.6366,7.793,4.2,mb,"12 km ENE of Göksun, Turkey"
quakeml:earthquake.usgs.gov/fdsnws/event/1/query?eventid=us6000k9td&format=quakeml,2023-05-05 14:52:29.643000+00:00,37.9221,36.3313,9.387,4.8,mwr,"18 km SW of Göksun, Turkey"
quakeml:earthquake.usgs.gov/fdsnws/event/1/query?eventid=us6000ka0l&format=quakeml,2023-05-06 12:29:27.020000+00:00,37.8443,36.564,10.0,4.2,mb,Central Turkey
quakeml:earthquake.usgs.gov/fdsnws/event/1/query?eventid=us6000ka6g&format=quakeml,2023-05-07 08:36:08.971000+00:00,36.3545,36.2183,10.0,4.7,mwr,"0 km SSE of Serinyol, Turkey"
quakeml:earthquake.usgs.gov/fdsnws/event/1/query?eventid=us6000kagp&format=quakeml,2023-05-08 20:20:34.789000+00:00,38.0217,38.4005,10.0,4.5,mb,eastern Turkey
quakeml:earthquake.usgs.gov/fdsnws/event/1/query?eventid=us6000kbcq&format=quakeml,2023-05-12 08:33:21.858000+00:00,37.8784,36.2491,2.866,4.5,mwr,"18 km SE of Saimbeyli, Turkey"
quakeml:earthquake.usgs.gov/fdsnws/event/1/query?eventid=us6000kcj7&format=quakeml,2023-05-12 08:36:25.640000+00:00,37.8832,36.231,4.268,4.2,mb,Central Turkey
quakeml:earthquake.usgs.gov/fdsnws/event/1/query?eventid=us6000kbui&format=quakeml,2023-05-14 12:06:08.766000+00:00,37.9018,36.1797,7.024,4.1,mb,"12 km SE of Saimbeyli, Turkey"
quakeml:earthquake.usgs.gov/fdsnws/event/1/query?eventid=us6000kd3i&format=quakeml,2023-05-19 08:23:37.141000+00:00,38.3533,37.7687,10.0,4.0,mb,Central Turkey
quakeml:earthquake.usgs.gov/fdsnws/event/1/query?eventid=us6000kdm0&format=quakeml,2023-05-21 12:46:13.460000+00:00,37.9246,36.2523,5.539,4.9,mwr,"15 km ESE of Saimbeyli, Turkey"
quakeml:earthquake.usgs.gov/fdsnws/event/1/query?eventid=us6000kdr0&format=quakeml,2023-05-21 20:16:21.945000+00:00,37.9176,36.2543,10.0,4.1,mb,"16 km ESE of Saimbeyli, Turkey"
quakeml:earthquake.usgs.gov/fdsnws/event/1/query?eventid=us6000kdwz&format=quakeml,2023-05-22 16:06:58.948000+00:00,37.9346,36.2708,5.385,4.4,mwr,"16 km ESE of Saimbeyli, Turkey"
quakeml:earthquake.usgs.gov/fdsnws/event/1/query?eventid=us6000kdx8&format=quakeml,2023-05-22 16:42:58.241000+00:00,37.8904,36.2608,10.0,4.3,mwr,"18 km SE of Saimbeyli, Turkey"
quakeml:earthquake.usgs.gov/fdsnws/event/1/query?eventid=us7000k34v&format=quakeml,2023-05-23 01:12:47.168000+00:00,37.9429,36.3225,10.0,4.0,mb,"17 km WSW of Göksun, Turkey"
quakeml:earthquake.usgs.gov/fdsnws/event/1/query?eventid=us7000k3x7&format=quakeml,2023-05-25 15:02:06.431000+00:00,38.0916,38.5909,10.0,4.0,mb,"6 km NNW of Sincik, Turkey"
quakeml:earthquake.usgs.gov/fdsnws/event/1/query?eventid=us7000k6ge&format=quakeml,2023-06-05 16:40:47.905000+00:00,37.9672,36.5784,10.496,4.5,mwr,Central Turkey
quakeml:earthquake.usgs.gov/fdsnws/event/1/query?eventid=us7000k71u&format=quakeml,2023-06-08 03:38:42.693000+00:00,37.7829,36.3231,10.0,4.3,mb,"22 km N of Andırın, Turkey"
quakeml:earthquake.usgs.gov/fdsnws/event/1/query?eventid=us7000k999&format=quakeml,2023-06-17 22:02:56.115000+00:00,37.6295,37.4085,10.0,4.3,mb,"16 km SE of Çağlayancerit, Turkey"
quakeml:earthquake.usgs.gov/fdsnws/event/1/query?eventid=us7000k9dr&format=quakeml,2023-06-18 15:36:29.912000+00:00,38.19,38.5957,10.0,4.4,mwr,"17 km N of Sincik, Turkey"
quakeml:earthquake.usgs.gov/fdsnws/event/1/query?eventid=us7000k9fc&format=quakeml,2023-06-18 20:59:23.441000+00:00,37.841,36.2621,10.0,4.2,mb,"22 km SE of Saimbeyli, Turkey"
quakeml:earthquake.usgs.gov/fdsnws/event/1/query?eventid=us7000k9gw&format=quakeml,2023-06-19 00:30:18.898000+00:00,38.1399,38.0173,10.0,4.1,mb,"14 km ENE of Doğanşehir, Turkey"
quakeml:earthquake.usgs.gov/fdsnws/event/1/query?eventid=us7000k9nd&format=quakeml,2023-06-19 18:31:31.446000+00:00,37.9955,36.5699,10.0,4.4,mb,Central Turkey
quakeml:earthquake.usgs.gov/fdsnws/event/1/query?eventid=us7000ka9f&format=quakeml,2023-06-22 05:21:04.184000+00:00,38.1122,38.3939,10.0,4.0,mb,"16 km NE of Çelikhan, Turkey"
quakeml:earthquake.usgs.gov/fdsnws/event/1/query?eventid=us6000knth&format=quakeml,2023-06-29 05:28:08.743000+00:00,37.9845,36.298,10.0,4.3,mb,"17 km WSW of Göksun, Turkey"
quakeml:earthquake.usgs.gov/fdsnws/event/1/query?eventid=us6000knvh&format=quakeml,2023-06-29 13:34:44.559000+00:00,38.0788,37.2715,10.0,4.2,mb,"7 km ENE of Ekinözü, Turkey"
quakeml:earthquake.usgs.gov/fdsnws/event/1/query?eventid=us6000kpbs&format=quakeml,2023-07-01 01:00:07.846000+00:00,38.0471,36.572,0.876,4.3,mb,Central Turkey
quakeml:earthquake.usgs.gov/fdsnws/event/1/query?eventid=us6000kr1s&format=quakeml,2023-07-09 02:27:36.163000+00:00,38.0,36.3643,5.736,3.5,ml,Central Turkey
quakeml:earthquake.usgs.gov/fdsnws/event/1/query?eventid=us7000khja&format=quakeml,2023-07-22 02:43:34.931000+00:00,38.3473,38.0806,10.0,3.5,ml,"9 km E of Akçadağ, Turkey"
quakeml:earthquake.usgs.gov/fdsnws/event/1/query?eventid=us7000khlb&format=quakeml,2023-07-22 10:37:12.275000+00:00,37.8683,36.2978,10.0,4.2,mb,"22 km SE of Saimbeyli, Turkey"
quakeml:earthquake.usgs.gov/fdsnws/event/1/query?eventid=us7000khse&format=quakeml,2023-07-23 10:48:38.954000+00:00,38.1644,37.162,10.0,4.1,mb,"5 km SW of Elbistan, Turkey"
quakeml:earthquake.usgs.gov/fdsnws/event/1/query?eventid=us7000ki5u&format=quakeml,2023-07-25 05:44:51.283000+00:00,37.5794,35.9482,13.116,5.5,mww,"18 km NE of Kozan, Turkey"
quakeml:earthquake.usgs.gov/fdsnws/event/1/query?eventid=us7000ki64&format=quakeml,2023-07-25 07:57:56.125000+00:00,37.6148,36.0103,10.0,4.4,mb,"23 km SSE of Feke, Turkey"
quakeml:earthquake.usgs.gov/fdsnws/event/1/query?eventid=us6000kxg6&format=quakeml,2023-08-03 04:56:18.057000+00:00,38.1855,38.6542,4.946,4.2,mwr,"16 km NNE of Sincik, Turkey"
